userName,score,at,content
Alwi Alwi,4,2026-05-05 08:28:30,Minta tolong ini kpa ya jmo ga bisa d buka d hp Huawei min. Coba minta tolong
Dini Ryani,5,2026-05-05 08:15:28,mantap memudahkan saya buat pengajuan klaim terimakasih BPJS ketenagakerjaan
Agung Dwi Cahyo,5,2026-05-05 08:04:43,mantap
Zah Ri,5,2026-05-05 07:54:19,semoga cair
Beni Belindo,5,2026-05-05 07:51:31,tidak bisa di gunakan. iuran tiap bulan di kutip tapi mau berobat tidak bisa di gunakan. pemeras uang rakyat
Youdi Tuerah,5,2026-05-05 07:50:19,Sangat membantu mempermudah setiap proses yang berhubungan dengan BPJSTK
Erik Bangun wicaksono,5,2026-05-05 07:44:10,mantap
Udins 58,5,2026-05-05 07:42:23,OK
Muhamad Iqbal Rizaldy,1,2026-05-05 07:42:08,aplikasi ga jelas mau ngambil uang sendiri aja dipersulit
maria ulfa,5,2026-05-05 07:40:34,bagus pelayanan nya
Deni Hartono,5,2026-05-05 07:40:26,mantaaap..
Ahmad Mufriyan,5,2026-05-05 07:29:00,mantap
Zapran Nayyara,5,2026-05-05 07:24:07,suka sekali
vivo y12,5,2026-05-05 07:23:48,sangat puassssss
Arzi Bastiar,5,2026-05-05 06:59:23,sekarang lebih mudah dan nyaman gak ribet
Gepeng,5,2026-05-05 06:41:35,"dari segi umum sangatlah membantu, cuma di jaringan itu sendiri yg suka memperlambat proses."
Halisbadilah Badilah,5,2026-05-05 06:38:54,"mantap,,,"
Tosap Nuswantoro,5,2026-05-05 06:38:44,sangat membantu dan lebih mempermudah pengurusan
pribadi 67,5,2026-05-05 06:38:14,mantap pelayanan nya dan satpam nya juga
Ramadhan Firdaus,5,2026-05-05 06:32:39,proses klaim JHT nya mudah dan lancar. tidak perlu membutuhkan waktu lama. langsung caaiiirrrr wkwk
eri yusman,1,2026-05-05 06:29:14,tidak. bisa di bukak
Muhammad Ilham,5,2026-05-05 06:28:13,Keren
Reni Cigugur,1,2026-05-05 06:26:11,HAK BURUH DI PERSULIT DI IG IKLAN TAK USAH PAKE PAKLARING GILIRAN KE KANTOR BPJS SURUH ADA BUKTI PAKLARING
Yudha Ghrenk,5,2026-05-05 06:10:22,oke
Katon Agung Wicaksono,5,2026-05-05 06:02:13,baik
zulkifli herman,5,2026-05-05 05:52:27,Good
Muhammad Bahaudin,5,2026-05-05 05:34:49,baik
Fahmi Selatpanjang,2,2026-05-05 05:31:30,"aplikasi gaak berguna, mau ngurus JHT pun susah"
Bpjstk,1,2026-05-05 05:16:52,aplikasi apaan udh pengkinian berhasil pas klaim kena kode 040
Katsuya,1,2026-05-05 05:13:03,apalah kena kode 040
Abang Ken,1,2026-05-05 05:12:50,perlu di perbaiki lagi ni JMO knpa sih hrus batas maksimal pengambilan gambar hrus 3x sdh lwt 3x gk bisa lanjut hadeeehhh
Al Abqory,1,2026-05-05 05:12:49,aplikasi apaan susah banget ambil hak sendiri semua di persulit keknya cuma korupsi dong ya gak di persulit
Cece Jaelani,1,2026-05-05 05:08:57,JMO makin sini makin ruett
Andri Rasti,1,2026-05-05 05:08:18,TEKNOLOGI SEMAKIN MAJU JMO SEMAKIN ANCUR MAU NGAMBIL DUIT SENDIRI AJA KENA KODE 040
Pswatt Smbur,1,2026-05-05 05:08:15,"Dengan adanya jmo katanya mempermudah tapi kenyataannya mau claim hak sendiri kenapa di persulit, jika ke kantor masih di persulit,apa harus di datengin media lebih dulu baru ada tanggapan?"
Royan Yan,5,2026-05-05 05:07:31,mudah di mengerti
Nagita Sari,1,2026-05-05 05:05:29,"bok brok.. Jamsostek, banyak kode kode goib."
henri sirait,1,2026-05-05 05:04:00,aplikasi bodoh .
Dewi Anjarwati,1,2026-05-05 05:01:55,tahun semakin moderen tapi aplikasi semakin mundur... mau klaim jht tinggal klaim ada kode 040 kode apa itu bisa lebih baik ga si jmo ini mau ambil uang sendiri ribet sekali....
Fadlimooh,5,2026-05-05 04:48:21,Terimakasih happy nice day
Salsabila Riasty,5,2026-05-05 04:46:09,mantap
Kartono Budi Santoso,5,2026-05-05 04:35:17,"cepat,lugas tanpa harus antri"
Roby Budiono,5,2026-05-05 04:26:00,berguna sangat
Rafaezya 28,1,2026-05-05 04:23:14,klaim jht kpj lama sekarang susah masa kena kode 040🤦‍♀️
supri hatin,1,2026-05-05 04:21:21,"aplikasi gak bisa dibuka sama sekali, pemberitahuannya bilang aplikasi jmo terus berhenti. mohon aplikasi diperbaiki"
de jon,5,2026-05-05 04:13:45,sangat baik dan cepat
Ade Saputra,5,2026-05-05 04:10:00,terimakasih pak buk
Bella tarisa,5,2026-05-05 04:09:20,bagus
yunus yospian,1,2026-05-05 04:01:11,aplikasi penyulit hak orang atau mempersulit hak nya buruh
Rizky Aprilian,3,2026-05-05 03:58:24,KPJ ku 2015 kok ga bisa di cair kan
Gearaldi Putra,4,2026-05-05 03:58:13,aplikasi bagus tapi harus sering update
Dadan Magani,1,2026-05-05 03:53:29,katanya kalo pake aplikasi JMO pencairan mudah tpi ternyata ttp aja dipersulit. Tau2 ada pemberitahuan kode 40..kode apaan kagak jelas. Itu uang hak kita woy.. uang dr motong gaji.... kenapa dipersulit. Makannya korupsi jgn terlalu gede biar gak mempersulit uang hak buruh
Atik Nur Hidayati,5,2026-05-05 03:45:28,sangat membantu dalam pengecekan dana
Aditya Fitrah,5,2026-05-05 03:45:04,mantap
Rizal Sofiyandi,3,2026-05-05 03:44:23,"Kenapa kalau log in itu adanya tidak penerima Upah, sedangkan saya bekerja di PT jadi saya seorang penerima upah? mohon di perbaiki kembali untuk log in atau pendaftaran nya. terimakasih"
Adrian Firdaus,5,2026-05-05 03:41:21,hebatt
Eka Sugenti,4,2026-05-05 03:34:48,"terima kasih sudah mempermudah kami,semoga kedepan nya lebih baik lagi"
Dshlia,1,2026-05-05 03:34:29,"makin buruk dan kecewa,claim 2015 kebawah gk bisa lg,mohon di perbaiki dan dikembalikan lg seperti biasa,saya sudah nunggu"" agar perusahaan non aktif, tiba sudah tidak aktig lg malah gak bisa👎👎👎👎"
Kusma Cirabak,5,2026-05-05 03:34:25,bagus sangat membantu
Bintang Bersinar,1,2026-05-05 03:32:12,makin kesini makin mengherankan !!! ktnya mmpermudah.. tapi justru mmpersulit rakyat yg mau pencairan uang mereka sndri...
Dimasketut Yulianto,1,2026-05-05 03:32:04,"Tolong ini jmo lebih di permudah,masa mau ngambil uang sendiri aja ribet kasian untuk orang yg gak ada berkas berkas nya saya ksih bintang 1 lah"
Dimas Arya,5,2026-05-05 03:29:31,mantap
Lukman Efendi,5,2026-05-05 03:29:29,mantap
Mhd UB,2,2026-05-05 03:27:36,terlalu banyak kode. yg terbaru kode 040. kenapa harus ada kode tsbt? supaya apa?
Arrazi Ghava,1,2026-05-05 03:23:53,KORUP KORUP
Yayan Mardiyono,1,2026-05-05 03:19:47,kode 040 makin kesini bukan makin mempermudah malah mempersulit
luluk farida,1,2026-05-05 03:18:49,"jmo selalu tidak merespon saat di buka aplikasinya. jadi selalu kembali alias mental saat dibuka, kenapa? tolong di perbaiki, dan sama sekalingk kebuka aplikasinya. jekek bgt"
Gilang Fadillah,1,2026-05-05 03:13:22,"mau pengkinian data di apk eroro ,di lapak asik eror juga,padahal mau pencairan jht di bawah 10jt,harus nya bisa lewat apk,tpi ini malah eror² terus aneh udah bolak balik nyoba tiap hari"
Vebry,4,2026-05-05 03:11:52,good
Zul Kar,1,2026-05-05 03:06:57,cuma bisa cek saldo.. bnyak menu cuma jadi pajangan tidak berfungsi
Rian Clp,5,2026-05-05 03:06:50,cepat
Yaki Sigalingging,5,2026-05-05 03:05:35,"keren, mantap"
Surya Darmansyah,5,2026-05-05 03:03:26,Aplikasi ini sangat membantu serta memudahkah para pekerja untuk kebutuhan pengecekan atau klaim
Dwi Aprilia,1,2026-05-05 03:03:17,"verifikasi biometrik nya di perbaiki donk ,masa tiap hari nyoba 3x gagal terus"
Dedi Wijaya,1,2026-05-05 03:00:51,tidak bisa menggunakan klaim jht kpj 2010 di aplikasi jmo apa apaan ini
Cecep Cahyadi,5,2026-05-05 02:58:26,"membantu sekali , mantap"
Rika Kartika,1,2026-05-05 02:52:53,apliksi anying
firman DJ,5,2026-05-05 02:50:42,cukup mudah dan cepat
Iwandi Simaremare,1,2026-05-05 02:50:20,"jmo parah, ngak jls terus maintance"
Dicky Apriana Putra,5,2026-05-05 02:44:34,good
astri sekar,5,2026-05-05 02:39:22,bagus tp agak susah di iphone
Heris Padilah,5,2026-05-05 02:32:32,mudah di cakap
Sukisma Wilanda,5,2026-05-05 02:32:17,cepat
septi marina,5,2026-05-05 02:29:49,bagus cepat
Suhandi Andi,5,2026-05-05 02:29:22,oke banget
10Eki Indriyani,5,2026-05-05 02:23:43,masyaallah terimakasih jmo
Erwin Mulyadi,5,2026-05-05 02:19:16,g bisa kebuka trus aplikasi nya
Sak Ciu,5,2026-05-05 02:14:15,cepat dan mudah
Buyung Anggara,1,2026-05-05 02:12:08,kenapa sih Jamsostek mempersulit orang untuk ambil haknya sendiri itu kan uang pekerja hak mereka kenapa kalo mau claim harus di persulit? mana sekarang ada lagi kode 040 kasian mereka yang lagi butuh duit mau nyairin JHT tapi di persulit
Aienur Ridho,5,2026-05-05 02:08:03,aplikasi terus berhenti
Siswanto Sys,5,2026-05-05 02:06:16,top
Zuleha Leha,5,2026-05-05 02:03:47,bagus
Hamdhani Dani,5,2026-05-05 01:56:31,kata Pepi terbaik lah
sendy,5,2026-05-05 01:50:34,good job
Muhammad Awal,5,2026-05-05 01:48:50,"bagus, dan mudah diakses"
Nicolaus Domaking,5,2026-05-05 01:45:31,Mantap
Tri Febry,5,2026-05-05 01:45:21,pelayanan baik dan cepat terima kasih banyak.
rahmawati ekaputri,5,2026-05-05 01:42:28,program yg sangat bermanfaat
Artapratama Kurniawan,5,2026-05-05 01:39:29,nice
RANGGA RANGGA,5,2026-05-05 01:38:21,sanggat mudah di guna kan terimakasih untuk aplikasi nya
Selvi Ana,5,2026-05-05 01:36:58,sangat bagus
Sushantiie 1203,5,2026-05-05 01:36:39,pelayanan sangat baik
Suri 23,5,2026-05-05 01:33:25,oke lah
Ester Jelita,1,2026-05-05 01:26:51,ambil uang sendiri semakin di persulit. .tutup saja aplikasinya kalau ssh untuk di gunakan‼️
Ibnu Salik,4,2026-05-05 01:26:49,sangaat bagus dan bermanfaat apk nya
Middank Middanksr.171,5,2026-05-05 01:25:37,mantap
Ade Chandra,5,2026-05-05 01:23:52,mantap dan lancar
Jackson Laro,5,2026-05-05 01:22:33,terimakasih bapak/ibu dengan aplikasi ini bisa memudahkan kami untuk mengklaim hak kami
Fasanasokhi Giawa,5,2026-05-05 01:21:46,pelayanannya sanggat membantu
Eka Spt,5,2026-05-05 01:21:39,aplikasi nya bagus sangat membantu bagi kami yang jauh dari kantor BPJS ketenagakerjaan 🙂
Aulia Nurdin,5,2026-05-05 01:18:03,sangat baik
lalu yandi,5,2026-05-05 01:17:49,terbaik
Anggi Irawan,5,2026-05-05 01:16:36,trimakasih sngat membantu sekali
Rahmanto Maku,1,2026-05-05 01:14:25,hampir setiap hari gangguan sistem..NDA bisa klaim BPJS online 🤦
Ade Wahyu Ari Chandra,1,2026-05-05 01:12:05,"sangat buruk, terlalu bertele tele, uang kami, tapi saat mau ambil uang, seakan kami minjam ke kalian, 💩"
Dholorosa Tikneon,5,2026-05-05 01:10:29,sangat membantu
ari darmawan,1,2026-05-05 01:10:06,masa kerja tahun 2000an ga bisa claim disini saldo di bawah 10 jt
Idad Sunarya,5,2026-05-05 01:02:48,bermanfaa
Susila Wati,5,2026-05-05 00:59:13,mudah utk pencairan dana dan mengecek status aktiv
Yana Suryana,1,2026-05-05 00:55:23,banyak elor
TONI AHNU,1,2026-05-05 00:49:48,maaf min ini saya BPJS tahun 2014 kok gak bisa klaim lewat jmo. padahal saldo 10jtaan
Aldo Saputra,1,2026-05-05 00:49:26,najis bgt baru nemu kartu jamsostek lawas gue. pas mau ambil uang ga bisa. kudu lasik apaan sih gue aja nemu didompet cuma kartu doangan.. pas di klik suruh masukin berkas kerja? udh kena banjir
Supri Yanto,5,2026-05-05 00:45:47,sangat membantu
gery apul,5,2026-05-05 00:42:46,sangat membantu masyarakat
Syarifuddin Syarifuddin,1,2026-05-05 00:35:24,aplikasi yg ribet klem manfaat kya ngisi formulir lamaran kerja panjang gk ad kemudahan klam hak sendiri ajj ribet banget
Rangga Ngat,5,2026-05-05 00:28:12,baik
yusuf sumarna,5,2026-05-05 00:18:34,luar biasa
Arkaro Rama,5,2026-05-05 00:14:18,aplikasi simple dan mudah di pelajari maju terus JMO indonesia
Mama Oel,5,2026-05-05 00:09:37,super satset
indri Dakajo,5,2026-05-04 23:59:44,cepat tanpa ribet
anton irawan,5,2026-05-04 23:41:01,mantap
Kurniawan Awan,1,2026-05-04 17:27:44,"login engga bisa, stuck di tampilan masukan email sama pasword tidak ada pergerakan"
Dharma rumengan (Bon'z),5,2026-05-04 16:22:41,mantap
Dodi Irawan,5,2026-05-04 15:45:59,saya sangat senang jmo sangat membantu saya sangat puas
Budi Setiawan,5,2026-05-04 15:42:42,mantap
Ainul Rifqhi,4,2026-05-04 15:26:04,aplikasi gabisa dibuka knp?? padahal akun udh bener email udh bener password udh bener aplikasi udh di update jga knp gabisa di buka ini tolong penjelasannya!!
Abbas Nambung,5,2026-05-04 14:15:58,sangat membantu
Ridwan Khalid,5,2026-05-04 13:26:02,baik
Isep Nugraha,4,2026-05-04 12:55:12,josss
Sani aryapermana,1,2026-05-04 12:53:16,di puter puter katanya harus online tp gk bisa trus harus ke kantor cabang sampe kantor cabang kata security harus online. lewat lapak asik sistem bermasalah aja. haruss gimna dong ini
Hakim Lukman,5,2026-05-04 12:48:50,baik
Pengguna Google,5,2026-05-04 12:37:30,kenapa jmo susah untuk login
Gattan Arienda,5,2026-05-04 12:29:52,mantap
Andi Hasman,1,2026-05-04 12:23:56,tidak bisa terbuka aplikasi nya
Bgayo Hfbr,5,2026-05-04 12:23:05,mantap
Dyah Melyana,1,2026-05-04 12:23:04,"biometrik nya eror"" teruuussssss"
agus gunawan,2,2026-05-04 12:12:23,"Tidak berkerja di android 9, walau keterangan nya berfungsi di perangkat anda ada requirement lain ngga ya"
Apsa98 Official,5,2026-05-04 12:08:47,keren
idris sandi,5,2026-05-04 12:05:40,sangat membantu
Sheza Saiqa,5,2026-05-04 11:56:24,sangat jelas infonya
Dian Taurusia,5,2026-05-04 11:52:27,oke
Ketri Wahyuni,4,2026-05-04 11:39:35,cepat tanggap trima kasih untuk aplikasi jmo dan BPJS ketenagakerjaan
Imam Efendi,5,2026-05-04 10:46:33,sangat bagus
Emenn aja,5,2026-05-04 10:29:56,bagus
Harriandy Hendrawan,4,2026-05-04 10:24:36,"mohon bantuannya sy driver ojol, daftar BPJS tenaga kerja via aplikasi gojek driver.pada tgl 3 mei kemarin sy bayar BPJS tenaga kerja via jmo sebesar 28.400 ,dan juga dipotong aplikasi gojek via gopay sebesar Rp 36.800 dan sdh berlangsung pemotongan double ini selama 2 bulan berturut-turut April dan Mei..mhn ditindak lanjuti, karena biaya iurannya beda pula antara gojek dan JMO,trimakasih."
Chusnul Setiani,5,2026-05-04 10:22:11,"tolong ini JMO kenapa saya mau klime tapi tidak bisa terus, soalnya lagi butuh kalau saldo di bawah 10 jt tidak bisa di kantor cabang harus lewat aplikasi tapi aplikasinya eror mohon penjelasannya!"
Rendi Gaduk,5,2026-05-04 10:21:13,mantap
Muhamad rizki baihaki,5,2026-05-04 10:01:39,apl ini sangat membantu
amriadi adi,5,2026-05-04 10:00:50,sangat membantu
muhammad sndy,5,2026-05-04 09:55:15,banyak manfaatnya
Adi Yee,5,2026-05-04 09:45:57,sangat bermanfaat 👍👍
Oppai Abenk,5,2026-05-04 09:41:52,mantap terimakasih
Agif Maulana,5,2026-05-04 09:36:03,gak bisa di buka apk nya
INA INA,5,2026-05-04 09:27:47,puas sekali ada aplikasi ini
Daniel Dawa,5,2026-05-04 09:22:41,cukup memuaskan aplikasi JMOnya
Suhendra hendra,5,2026-05-04 09:18:42,"pelayanannya baik,super cepat,ramah dan tanpa ribet"
Riska Amelia,5,2026-05-04 09:15:42,mantap
Hendi kosong,1,2026-05-04 09:12:36,"tolong perbaiki fitur pengkinian data agar bisa riset atau pengkinian data ulang jika sebelumnya sudah pernah mencairkan. di website pun selalu maintenance, offline ke kantor cabang malah diarahkan nya ke website."
zulfa nurafif Nugroho,1,2026-05-04 09:01:46,apaan si ga bisa di login stack di pasword
Hendra Suntara,5,2026-05-04 08:54:06,sangat bagus
Mus Mus,1,2026-05-04 08:51:10,jmo ga bisa di buka
Ryan Hidayat,5,2026-05-04 08:44:52,"sangat"" membantu"
Antonprasetyn P,1,2026-05-04 08:18:37,Pelayanan lapak asik lambat
Ayun Berkelana,4,2026-05-04 08:08:01,aga bikin tegang
Juli Ana,5,2026-05-04 08:03:20,mantap
riski saputra,1,2026-05-04 08:01:31,mau klaim aja susahnya minta ampun disuruh biometrik giliran di coba gak bisa udah 2x ke kantor bpjs masih aja gak bisa tolong dong jangan di persulit
Dadi Prasetya,5,2026-05-04 07:57:36,Mudah terus di tingkatkan layanan mya sehingga memberikan manfaat yg lebih baik pada pekerja.
Ayu shintia 0625,5,2026-05-04 07:54:33,baik
Mutiara Dispora,5,2026-05-04 07:48:34,mantap
Alep Rohhadi,5,2026-05-04 07:45:47,aplikasi mantap
Zarmuji Zar,5,2026-05-04 07:44:10,sangat bagus
Rival Muhammad,5,2026-05-04 07:41:38,ini kok tiba2 email tidak terdaftar...punya keduanya suami istri....ada apakah dengan JMO
rikza zaka,1,2026-05-04 07:41:35,"Mengapa? saat akses ""informasi dana & usia pensiunan peserta"" rincian saldo hanya menampilkan tahun terbaru (2025) sedangan tahun² sebelumnya tidak di tampilkan?,dan saat di download rincihannya (PDF) ke (Email) hanya muncul tahun (2024),sedangan saya ikut sejak (2020).& ada selisih ""Hasil Pengembangan""(total iurandari pihak pemberi kerja-TK(Saya)perbulan selama 12bulan tetap tidak ada keteranga kenaikan/pengurangan)di setiap tahun berbeda?Mohon update data keseluruhanya scara terperinci&terbuka"
Julian Miko,1,2026-05-04 07:41:29,"mending nggk usah diadain klaim jht online lah kalo mau klaim aja dipersulit,rata2 gagalnya difoto biometrik,padahal yang paling penting itu bukan fotonya,tapi kelengkapan dokumen dan kevalidan dokumen."
Bayu Satrya,5,2026-05-04 07:39:54,respond cepat
Rido Hidayat,5,2026-05-04 07:38:33,jos
Putri Retno12,5,2026-05-04 07:36:45,sangat membantu
Riss Risma,5,2026-05-04 07:30:53,bagus sekali aplikasinya saya nyaman menggunakannya
Solqiqin Official,5,2026-05-04 07:29:32,bagus cepet banget prosesnya
Fajar 32,5,2026-05-04 07:28:23,bagus
Urbanus,5,2026-05-04 07:24:09,keren
Asma Indra,4,2026-05-04 07:22:21,lumayan cepat
Novirman waruwu,5,2026-05-04 07:21:57,Kepada pihak aplikasi JMO kenapa tidak bisa mengklain saldo bpjs padahal udah non aktif
erwinaryasandi280,5,2026-05-04 07:19:53,mudah gak ribet
Mhd Hebat,5,2026-05-04 07:18:48,moga aja cepet
yoga alfian,5,2026-05-04 07:18:16,bagus
Joni Isnandar,5,2026-05-04 07:15:55,mantapkan
Yoseph Rudolfo,5,2026-05-04 07:02:27,mantap aplikasinya
Rizky pramana Putra,1,2026-05-04 07:01:15,"sampah bgt demi tuhan,hati2 banyak mafia disini..."
meri gule,5,2026-05-04 06:57:19,sangat bagus mudah dan cepat 🤗
Jajang Jamaludin,5,2026-05-04 06:54:25,mantap semoga bermanfaat dan sukses terus buat aplikasinya
Ariffin 123,5,2026-05-04 06:42:10,nice👍
Muhamad Adhit Ristiono,4,2026-05-04 06:30:31,kaga danta login aja susah bgt
damar putradn,5,2026-05-04 06:29:38,dilayani dengan baik
Bayu KPLX,5,2026-05-04 06:27:14,memuaskan sistem mudah
Bayu Arse,5,2026-05-04 06:27:09,Bagus
Fandi A,5,2026-05-04 06:13:23,sangat cepat cair pakai jmo
Marlina Nelly,5,2026-05-04 06:01:41,mantap
Adam Al Afgani,2,2026-05-04 05:48:28,susah mau pengkinian data ada kpj yang ke sensor ga ada balasan
Dikri Gp,5,2026-05-04 05:34:10,ok
Riski Kurnia Andila,5,2026-05-04 05:24:20,cepettt
Rudi handoko Sucipto,5,2026-05-04 05:19:34,ok
Aris Tri setiawan,5,2026-05-04 05:17:11,mantab
Supardi N,5,2026-05-04 05:15:56,bagus
Erwin Rezpec,5,2026-05-04 05:14:12,sangat baik
Nopi Yani,1,2026-05-04 05:13:13,"aplikasinya eror, sdh berkali kali di update ttp tdk bisa dibuka, chace sdh dihapus ttp ky gitu2 aja,, tolong dong gimana caranya agar bisa lg"
Riki eka putra,5,2026-05-04 05:12:59,mudah sangat
Putra Pascal,2,2026-05-04 05:07:34,sudah di instal ketika memasukan username email dan password dengan benar tapi tidak bisa diklik log in tidak ada proses loading atau ke tampilan masuk home JMO ketika klik log in kenapa ya min?
Daniela Virizilia,5,2026-05-04 05:07:08,"sayaa kasih bintang 5karna jujur, pihakk cabang bpjs tk ramah n membantu. tapi untuk apknya mungkin bisa ditingkatkan lagi kualitasnya. makasih"
tari Pieter,5,2026-05-04 05:00:09,"Untuk pengkinian data, pada saat mencari alamat, tidak terdapat alamat yang di cari. mohon diperbaiki apk-nya🙏🏻"
My Frendy,5,2026-05-04 04:59:50,👍🏻👍🏻👍🏻
Achank Popeye,5,2026-05-04 04:58:38,sangat puas
Melanie19,2,2026-05-04 04:57:47,kenapa sering bug sih
Aris Fajar,3,2026-05-04 04:55:37,mau claim apk lemot amaaat sumpah nyusain
Reski Eki,5,2026-05-04 04:52:23,good
Anam Rifa'i,5,2026-05-04 04:40:38,sangat membantu
Andi Dermawan98,5,2026-05-04 04:29:01,"mudah sekali ketika pencairan tanpa harus datang ke kantor bpjs,,"
Decky Karantina,5,2026-05-04 04:27:21,mudah penggunaanya
Salma Fariyan,4,2026-05-04 04:21:55,siang kak..saya kliem JHT di jimo Kataya satu hari bisa cair padahal saldo saya di bawah 10 juta..tapi udah tiga hari belum juga cair..dimna saya butuh banget lagi..
andi parijal,5,2026-05-04 04:14:16,mantap
Nina Sri Junjunan,5,2026-05-04 04:13:33,lancar sekali pelayanannya
Anjaz Betrayer,5,2026-05-04 04:11:49,sangat praktis dan membantu
Salwa Mega Hermalia,1,2026-05-04 04:08:53,"apk gajelas, poto harus sesuai yang di ktp, aneh gajelas"
Boyo Ngeyelan,3,2026-05-04 03:59:53,"terima kasih apk sanggt"" mudah di fahami"
Ahmad Yusuf,5,2026-05-04 03:57:30,sangat membantu mempermudah pengajuan claim JHT
Julsastr pasaribu45,5,2026-05-04 03:55:42,ok
Andrian Rian,5,2026-05-04 03:52:27,mantap
Realme Phone,5,2026-05-04 03:51:23,"pelayanan nya sungguh memuaskan hati,mantaplah pokoknya 👍👍"
Subroto Purnomo,1,2026-05-04 03:46:19,"Gimana sih server kalian di web , gangguan jaringan terus , padahal jaringan hp bagus"
Ririn Apprilio,5,2026-05-04 03:43:46,BPJS ketenaga kerja.n sangat membatu saya prosesnya cepat
Gusti Gulo,5,2026-05-04 03:37:10,membantu
Mugi Lestari,5,2026-05-04 03:36:22,mantap
Upi Khoer,5,2026-05-04 03:27:43,mantap
Sabril Makatita,5,2026-05-04 03:27:06,Sangat mudah di pahami
muhammad salik ibrahim,5,2026-05-04 03:24:27,oke sih
Hendra Madoni,5,2026-05-04 03:22:03,aplikasi aman mudah di mengerti dan terpercaya
Astria Supri,5,2026-05-04 03:21:07,mudah aman cepat
Azka Rubi,5,2026-05-04 03:20:25,ok
legend mobile,5,2026-05-04 03:17:22,josjis
Uci Cahyadi,5,2026-05-04 03:14:35,luar biasa
Gilang Alfian,4,2026-05-04 03:14:24,"Saat proses terakhir Pengkinian Data ""tidak dapat terhubung ke server"" untuk Klaim JHT"
ayuagus tina24,1,2026-05-04 03:10:25,kenapa blm di transfer² ya udah nunggu beberapa jam ke BNI padahal saldo di bawah 10jt ada kendala apa kira² dev??
Evan evan,1,2026-05-04 03:08:25,burukk sistemnya
Udhin Aco,5,2026-05-04 03:07:06,good job
Edi_Spoetra,5,2026-05-04 03:06:02,sangat simple dan mudah di acces
Jody vanjava,5,2026-05-04 03:02:34,mantap
Fredi Antony,5,2026-05-04 03:00:21,puas bangettt
Mohamad Fikhri aditya,1,2026-05-04 02:46:21,Mau cairin klaim jht malah dipersulit ni aplikasi ribet banget dahh
Gobel Sahama,5,2026-05-04 02:46:11,bagus
Ridho Pratama,5,2026-05-04 02:44:22,JMO bagus dan terpercaya
Darma Bruce,1,2026-05-04 02:42:38,server buruk
apry egi merdiansyah,1,2026-05-04 02:41:31,Mau pengkinian data sulit amat sih kaya silit aja. Koneksi selalu terputus. Silit
Dony Oktovianus,5,2026-05-04 02:40:09,Mudah digunakan dan sangat membantu untuk melakukan pencairan tanpa harus ke kantor..
Diki muliyadi,2,2026-05-04 02:35:47,"pengkinian data nya ga bisa terus, alasannya tidak dapat ke server"
Sugit Aryanto,1,2026-05-04 02:28:18,kenapa pas mau klaim jht saya gagal di proses biometrik . padahal sudah jelas jelas mengikuti intruksi di aplikasi . ptoo selfi pun terang kenapa susah banget . pengajuan di lapak asik pun selalu kendala sistem . anehhhh
Rocka01 Lembayung02,5,2026-05-04 02:27:18,sangat membantu dalam pencairan bpjs tenaga kerja selama prosesnya benar
Ade Ramli,1,2026-05-04 02:21:38,"klaim jht udah non aktf malah suruh nunggu 1 bulan lagi ngaco aplikasi, katanya cairnya cepet"
Meinderd Maitimu,5,2026-05-04 02:18:05,🔥
Nizar Muhamad,5,2026-05-04 02:15:53,puas
Wildan Eka juliawan,1,2026-05-04 02:14:59,selalu di batasi
HS Kubo,5,2026-05-04 02:09:54,oke
Rini Widyaningsih,5,2026-05-04 02:09:23,memuaskan
Bisa_Muhammad Dicky,3,2026-05-04 02:05:27,padahal uang kita tapi malah di bikin ribet
bb Shop 22,5,2026-05-04 01:55:03,lumayan mempermudah.. tp jaringan bikin elus dada..
Dede Maulana,5,2026-05-04 01:52:56,bagus tidak repot lagi untuk mencairkan JHT
Herly 75,5,2026-05-04 01:52:47,mantap bagus banget top pelayanan nya gak ribet
jefrianus philipus,5,2026-05-04 01:48:25,mantap
Ifa Qudsy,5,2026-05-04 01:45:48,siip
Dwi Hartatiningsih,5,2026-05-04 01:29:06,puas dgn aplikasi JMO karena mempermudah klaim lewat aplikasi
Hilya Adina nazifa,5,2026-05-04 01:28:45,sangat bagus.untuk klaim memalui jmo sangan dimudahkan
Suban Danopa,5,2026-05-04 01:23:49,top
wawan bustomi,5,2026-05-04 01:23:05,goodd
Harfiandi Akbar,5,2026-05-04 01:20:34,sangat puas dengan peyanannya
Rusliman Alun,5,2026-05-04 01:16:14,kalimat gampang lewat aplikasi
Depi Pebriani,5,2026-05-04 01:15:16,mudah cepat aman
Tegar Prasetio,5,2026-05-04 01:13:00,"mudah simanapun kapanpun , asal data valid"
Lia Khalifah,5,2026-05-04 01:10:47,mudah dan cepat gk perlu ribet
Wahyu AJI,5,2026-05-04 01:10:26,mudah dan sangat membantu
Nurfadillah Sri etikawati,5,2026-05-04 01:04:56,bagus
Sonya Laila pasha,2,2026-05-04 00:59:31,baru download tp gk bisa di buka sama sekali
Tedi Purba,5,2026-05-04 00:58:25,sangat mudah dan enak muwah
Reny Dwi Jayanti,5,2026-05-04 00:57:43,pelayanan cepat
Attala13 Prasetyo,5,2026-05-04 00:51:21,lebih mudah
Lita Winada,5,2026-05-04 00:50:15,sangat mudah di mengerti bagi yg sudah paham onlein
Yusup Purnama,3,2026-05-04 00:45:36,kenapa gak bisa log in kacau
Muhamad Irfan,5,2026-05-04 00:41:31,sanagat puas sekali
Muhamad Rizal awaluddin,5,2026-05-04 00:38:13,semoga membantu semua orang
Sopi Ana,5,2026-05-04 00:36:57,cepat
Mail Rurung,5,2026-05-04 00:33:34,ok ok
Rahmadi Hifzi,5,2026-05-04 00:33:32,sangat membantu
Alit widiana,5,2026-05-04 00:25:00,sangat mempermudah sekali aplikasi JMO
Anza Anza,5,2026-05-04 00:23:04,terima kasih sudah membantu kami
rowy nurma,5,2026-05-04 00:21:16,sangat membantu
Fahregan Nurul anam,5,2026-05-04 00:14:09,Mantap
Deasy Rahmayani,5,2026-05-04 00:14:06,kecee...badaaaaaiii pokoknya
Topik Hidayat,3,2026-05-04 00:12:38,ini knp ko aplikasinya gak bisa di buka dan muncul JMO HARUS BERHENTI
Triana,5,2026-05-04 00:11:40,semoga pencairan prosesny cepat
Epa ma Ma,5,2026-05-04 00:00:12,selama menggunakan aplikasi JMO sangat baikk
Jones Raja paturunan,5,2026-05-03 23:58:07,sangat bermanfaat
Bhiansus Bhiansusan,5,2026-05-03 23:56:25,ok
Gabriel Wang,5,2026-05-03 23:50:22,keren
Dewa Nyoman,5,2026-05-03 23:47:20,sangat puas dan memudahkan fitur penggunaanya dan proses klaim sangat mudah
Zonbi Boss,5,2026-05-03 23:35:23,makasih terbaik JMO
Syaifudin,5,2026-05-03 23:32:38,oke
median Syahputra,5,2026-05-03 17:20:29,puas
Sahrul Anam,1,2026-05-03 15:53:06,"APK Cacat. Mau login aja gak bisa, diklik klik ttp gak mau login. ini apk dibikin pake dana dari rakyat woyy, yang bener lah!"
Lukman Pakandangan,5,2026-05-03 14:56:44,baik & Bagus dalam transparansi publik
FAHRI FRMNSYH,1,2026-05-03 14:53:20,"aplikasi jmo saya nggak bisa login, cuma diam di halaman utama"
Naufal Abidzar,5,2026-05-03 14:32:41,"aplikasi jmo selalu terhenti,, dan sudah diberbagai cara di lakukan hasil tetap sama,"
Leli suriani,5,2026-05-03 14:26:47,setelah saya download kenapa tidak bisa d buka aplikasinya jmo nya.mohon ptnjknya.temakasih.
alfian syah,4,2026-05-03 14:18:20,sering gk bisa login
Tomi Sugiarto,2,2026-05-03 14:14:34,"tidak bisa dibuka,susah"
Sarlina Allin,5,2026-05-03 13:25:22,terima kasih
Rendy Recardo,5,2026-05-03 13:10:36,sangat bagus
Muh Dzakwan Falih Rozaan,1,2026-05-03 13:03:14,mengecewakan. verifikasi muka tidak berhasil padahal sudah diikuti semua petunjuk yang ada. kalau ada bintang 0 saya kasih bintang 0
Wahyu TAMA,5,2026-05-03 12:56:16,sedikit lambat di pencarian kota asal domisili
Kamu Tube Channel,5,2026-05-03 12:51:59,sangat memuaskan
Faisal Rahman,5,2026-05-03 12:32:42,mudah dan simple
Bro Dandy,2,2026-05-03 12:29:13,"mau nanya ini kenapa,,saya baru download jmo nya,dan Bru mau daftar,tiba2 akun Sdah terdaftar,pdahal Bru download dan Bru dpat BPJS ketenagakerjaan tdi sore dri bos,, mohon penjelasannya Ksih bintang 2 dlu klau sdah Bgus nnti sya bintang 5"
Ari Kurniawan,1,2026-05-03 12:12:39,knpa gak bisa ke buka cacat
Dena Loudrya,5,2026-05-03 12:03:14,sangat bermanfaat
yoga septiana,1,2026-05-03 11:59:34,Lemot ! ketika mau pencairan gagal terus di permuk aneh sekali sampe ke blokir gak bisa pencairan online ... saya tanya teman teman ternyata semua sama gagal di permuk ketika pencairan
Cool man,1,2026-05-03 11:51:18,"aplikasi tidak bisa dibuka, sudah donlot hapus, donlot hapus lebih dari 3 kali bahkan sudah direstart ulang hp nya, tetap saja tidak bisa dibuka......"
Meydita,1,2026-05-03 11:45:20,"padahal udah masukin nomor hp tapi kok ga dapet kode verifikasi, padahal jelas jelas udah bener dan aktif nomornya,tolong ditindak lanjuti lagii sekarang"
Mahmudin Mahmudin,5,2026-05-03 11:09:50,mantap
MATEUS KOPONG MASAN,5,2026-05-03 11:01:45,sangat membantu
Beni Santoso,5,2026-05-03 10:50:08,bagus dan modern uinya
Ifing speed,5,2026-05-03 10:46:13,"Kenapa gak bs masuk ya ,, email dan kata sandi sudah benar"
mmujid Padjajaran,4,2026-05-03 10:25:51,fungsional
gelda1987,5,2026-05-03 10:22:49,best
Fajrin Ris,5,2026-05-03 09:59:02,jos
Maikel Manongga,5,2026-05-03 09:57:03,"pelayanan sangat cepat, aman, terpecya dan akurat."
Nurul Hidayah,5,2026-05-03 09:46:50,mantap
Palu ari,5,2026-05-03 09:36:15,ok
Harry Rusdi,5,2026-05-03 09:32:51,oke
Darma,1,2026-05-03 09:29:18,"aplikasi nya jelek , setiap pengkinian data selalu sistem bermasalah, emang pemerintah ga bisa buat aplikasi yang bagus gitu. tolong perbaiki aplikasinya"
Dhanz Fahlevi,5,2026-05-03 09:07:32,cepet landing
Orisnino Orisnino,5,2026-05-03 08:51:05,sangat baik apl tapi susah login masuk
Restu Prayogo,1,2026-05-03 08:32:05,Saya pengen klain online tanpa ke kantor?? kenapa kendala mulusiii... sistem ada kendala mulu... tolonglah.. bantu sayaa.. biar bisaa klaim Online
As Roy,5,2026-05-03 08:23:31,godddd & tbest
Kikie Azizah,5,2026-05-03 08:09:38,pencairan bpjs jadi lebih mudah
Helida S.E,5,2026-05-03 08:02:59,aplikasi yang sangat membantu
Bila 2020,5,2026-05-03 07:51:39,proses mudaahh dan cepat alhamdulilah sangat bermanfaat
Humairoh Annaiva,5,2026-05-03 07:49:49,"responnya cepat, dan pas kunjungan ke kantor cabang terdekat pelayanan nya memuaskan"
Mugiyono,5,2026-05-03 07:23:43,lebih mudah dan praktis
MAHFUL J,5,2026-05-03 07:22:35,Baik
Hasrudin Uki,5,2026-05-03 07:06:32,sangat mudah dalam hal pencairann
ruditiyo dito,5,2026-05-03 07:01:24,sangat memudahkan
Mobilgede kece,5,2026-05-03 06:47:00,JMO sangat membantu semua orang untuk mengklaim hasil kerja dengan mudah tanpa mempersulit peengguna
Susanto Susanto,5,2026-05-03 06:40:34,jozzz
trni577 Au,5,2026-05-03 06:39:17,Exellent
Tak Dikenal,1,2026-05-03 06:36:45,"Sangat ribet untuk mengklaim di feeivikasi wajah padahal baru pertama mencoba malah muncul tulisan sudah 3x percobaan harus melalui lapak asih, giliran buka lapak asih malah lagi eror tidak bisa mengambil antrian"
Linzhouxin zhou,5,2026-05-03 06:31:59,sangat bagus
Arman HRS,5,2026-05-03 06:10:24,jos
Samir Nasry (Samirnasri),5,2026-05-03 06:08:45,top.
ahmad fahrizal,5,2026-05-03 06:05:02,sangat membantu
Dela Susfita,5,2026-05-03 05:44:38,yang baik dan membantu
Rofiq Septiadi,5,2026-05-03 05:38:42,"mudah ga ribet, beda sama saudaranya"
Tomy Mas Hermansyah,5,2026-05-03 05:18:55,mantab
Ni Putu Winda Aprilarassati,5,2026-05-03 05:15:10,pelayanan sangat bagus
Risky Aneng,5,2026-05-03 05:15:04,baik
Edy Ristanto,2,2026-05-03 05:13:53,jmo dibuka dihp saya gak bisa mental2 terus solusinya gimana ya kak
Iwan Kurniawan,5,2026-05-03 05:11:27,mantaf
Andi Hartono,1,2026-05-03 05:08:48,mau ambil hak sendiri aj si persulit
Gilang putra Mardhika,5,2026-05-03 04:44:04,sangat membantu
Sukarno,1,2026-05-03 04:39:31,akun kenapa sih susah banget login keluar terus tolong perbaiki lah
Hilda Jonis,3,2026-05-03 04:38:51,kenapa ga bisa login ya?
ZARBAINI,5,2026-05-03 04:14:04,bagus
Jeson Yeyen,5,2026-05-03 03:20:58,sangat responsif
Petrus Daeli,5,2026-05-03 03:17:57,sangat luar biasa 👍
Mellania Purwanti,5,2026-05-03 03:07:35,sangat membantu
Iriadi Pasaribu,5,2026-05-03 02:37:08,mantap
Bisnis Jaya,5,2026-05-03 02:30:47,sangat baik
Ahmad Amad,5,2026-05-03 02:29:48,jmo oke
Eno Yonatra,5,2026-05-03 02:05:41,mohon bantuan mencair kan jmo
Evi Septiliani Silo,5,2026-05-03 01:51:25,sangat mudah dan membantu
Edy Obang,5,2026-05-03 01:18:54,oke
happy methalia,5,2026-05-03 01:11:23,sangat memuaskan. saya akan bergabung kembali jika mendapatkan pekerjaan lagi seperti sebelumnya.
agus kurniawan,5,2026-05-03 01:10:20,"mantap , cepat ,"
Max Kene,5,2026-05-03 01:04:08,Baik adanya
Dandi S,1,2026-05-03 00:59:49,saya sangat kecewa padahal saya Risen tanggal 2 bln kemarin dan ini udh tanggal 3 masih saja belum bisa klaim jht datang ke cabang cmn di kasih arahan ke lapak asik tapi TDK di ajarin satpam nya seperti mau ngusir.di cabang Palembang depan rumah sakit ceritas MLS kalau pakai BPJS ketenagakerjaan kalau macam ini.lebih baik tidak sama sekali kalau soal pencairan aja di persulit.
Gregorius Tiwow,5,2026-05-02 23:32:03,mudah dan tidak ribet
Dwi Doer,3,2026-05-02 20:44:11,ko gk bsa d buka 2x instal
Sonic368 Bdg,1,2026-05-02 19:10:28,kok muncul tulisan jmo kembali terus.. 🤦
Dedi Widiantoro,5,2026-05-02 16:54:32,kenapa tutup aplikasi trs? sy sdh coba berbagai cara tetap tdk bisa di buka
Rosnawati Nuraisyah,5,2026-05-02 15:56:47,sangat membantu 👍👍👍👍👍
Mas Feb,1,2026-05-02 15:48:52,"buruk , server lemot , kantor cabang tidak tersedia secara lengkap padahal yang terdekat ada"
Fitrah Vidianti,1,2026-05-02 15:09:36,Versi baru tapi malah gak bisa klik login. payah banget!
Rizki Aja,2,2026-05-02 15:07:22,gak bisa ke buka pakai android 8 payah
muadz fathi,4,2026-05-02 14:30:45,"ga bisa login, padahal email dan password sudah benar.. coba di cek kembali admin."
Wazza Rc2,4,2026-05-02 14:28:06,aplikasinya LOGOUT sendiri dan pas saya masuk lagi kok email dan pasword nya tidak sesuai
Syamsul Rizal,5,2026-05-02 13:41:29,ok
Mas Kobo,1,2026-05-02 13:01:38,"kenapa tidak bisa login hari ini, padahal kemarin bisa dan email sama pasword nya saya yakin benar"
Yulita Yulita,1,2026-05-02 12:55:36,"whats wrong with this apps??? sering crash dan gabisa dibuka, develop tolong diperiksa ini soalnya beberapa kali saya coba dari minggu lalu aplikasi nya terus berhenti"
Oppo Pbun,3,2026-05-02 12:49:31,"saya mau pengkinian data agar saldo tergabung, tapi saat verifikasi biometrik tidak berhasil, setelah itu di arahkan masuk ke lapak asik ternyata tidak bisa lanjut karena ada kendala sistem terus,sudah di coba berkali-kali tetap gabisa. Tolong di bantu gimana caranya klaim JHT dengan memanfaatkan layanan TANPA KONTAK FISIK."
Zainul Majedi,5,2026-05-02 12:47:38,the best 🤍
Baehaki Abdul Muis,5,2026-05-02 12:42:28,ok
Bima26,1,2026-05-02 12:42:22,jmo nya rusak nih ga bisa dibuka
Arfin Dosi,1,2026-05-02 12:27:47,aplikasi jmo saya kenapa tidak bisa dibuka padahal sudah saya update
M taufik Hidayat,5,2026-05-02 12:19:36,sangat bagus
Nusi Fattahu,5,2026-05-02 11:59:35,sangat membantu
Janter s Marpaung,5,2026-05-02 11:58:10,ok
Sahrul Aldi,5,2026-05-02 11:28:35,Bagus
Irpan Zuliana,5,2026-05-02 11:23:49,nice app
Iman Gaza,5,2026-05-02 11:17:17,sangat cepat dan mudah untuk proses claim
Bintang Elisabeth Sitorus,5,2026-05-02 11:13:38,sangat mempermudah
Pardiono Dion,4,2026-05-02 10:38:24,oke
Tri Walyanto,5,2026-05-02 10:37:08,josss
Donkims Lovers4,5,2026-05-02 10:35:19,bismillah
Rifal Ramadhan,5,2026-05-02 10:30:26,baik
aep saepuloh,5,2026-05-02 10:29:11,bagus sangat membantu
Mila Tampandaja,5,2026-05-02 09:57:03,proses nya sangat cepat dan tepat
Rahmadi Ardiansyah,5,2026-05-02 09:56:30,terus maju
Anggi Ardian,5,2026-05-02 09:51:55,"Pengajuan Klaim saat foto biometrik error terus, jadi ngga bisa dicairkan secara online, jarak rumah dan kantor BPJS jauh, mohon diperbaiki..."
Agus setiawan,4,2026-05-02 09:50:43,ini knapa aplikasinya ga bisa dibuka terus di hp saya . mental mental terus mohon infonya pihak jmo bagaimana ini
Hadi Susanto,5,2026-05-02 09:41:44,mantab sekali
Ridwan Pontomudis,5,2026-05-02 09:25:06,"JMO adalah aplikasih yg sangat bagus,mudah di gunakan dan sangat aman untuk semua pengguna"
Louis Busura,3,2026-05-02 09:15:45,jmo skarang susah untuk login
Pirlay Boeroet,5,2026-05-02 09:11:46,jmo membantu
Yaya Tya,5,2026-05-02 08:57:20,bismilah
Etika Cahyawati,5,2026-05-02 08:44:34,bagus
Fahmi Idrisss17.,5,2026-05-02 08:41:50,mantap
Gotteng Kecil,5,2026-05-02 08:34:19,sangat bagus
ciciiapriliaa 18,4,2026-05-02 08:28:05,Apaan dah mau foto biometrik aja susah bener!!!!!!!
Kandi Purnomo,5,2026-05-02 08:22:16,mudah akses
Muhammad Wahid,5,2026-05-02 08:16:22,membantu
Sandi Febriana,5,2026-05-02 08:13:33,Bismillah semoga pengajuan klaim JHT ya lancar lewat aplikasi JMO ..
DARTON Z,5,2026-05-02 08:03:25,sangat luar biasa pelayanannya
Erhan Herdiana,5,2026-05-02 08:02:28,sip aplikasi ini membantu mempermudah proses claim
Andri Ardiansyah,5,2026-05-02 08:00:45,mudahan apk jmo lancar kedepan nya semakin bagus amin
Ansar Manurapon0403,5,2026-05-02 07:50:16,mntap
Yusep Apriyadin,5,2026-05-02 07:49:51,sangat bermanfaat
Putri Leo,1,2026-05-02 07:47:01,Aplikasi cacat. Developer tolong buat biometrik fotonya dibenerin lagi. Bukannya mempermudah malah mempersulit pengguna. Masa 100% harus sesuai foto KTP. Biometrik rasis body shaming.
Ardhy Muchsyn,5,2026-05-02 07:39:30,sukses slalu JMO
Rio Agustino,5,2026-05-02 07:33:17,"sangat memudahkan,, terima kasih"
adi putra,5,2026-05-02 07:29:49,baik dan bermanfaat
Rizky Setiawan,5,2026-05-02 07:15:24,aplikasi sangat mudah untuk digunakan
SitiJulaeha11,5,2026-05-02 07:06:11,ok
Nadiya Istiqomah,1,2026-05-02 06:52:40,"ini mau klaim JHT tiba-tiba biometrik di blokir, buka di lapak asik sistem nya gangguan terus, mau klaim hak sendiri aja di persulit"
Ardian Candra,5,2026-05-02 06:50:29,mtap
Dani Damanik,5,2026-05-02 06:34:08,sangat bagus
ahmad qadafi,5,2026-05-02 06:18:59,💯👍
Om ichad,5,2026-05-02 06:12:31,"enak banget pake aplikasi nya,mkasih jmo"
Ira Danesha,5,2026-05-02 06:01:47,sangat membantu sekali
Achmad Fahmi,5,2026-05-02 05:58:10,Aplikasi mudah dimengerti dan dipergunakan
Roys Kandalis,3,2026-05-02 05:58:07,"sangat membantu, tapi sayang jam operasional nya kurang bagus. agak lelet"
Ahmad Fauzy,5,2026-05-02 05:50:42,mudah dan cepat terimakasih JMO
Rinaldi Linggau,5,2026-05-02 05:48:31,apk berjalan sesuai fungsinya
Fahmi Fahmi,4,2026-05-02 05:47:02,"gmna caranya buka jmo kalo lupa email dan password nya min, soalnya hp nya ke reset"
Irsan Bud,5,2026-05-02 05:38:16,bagus
Andi Aand Adnan,5,2026-05-02 05:38:09,mudah dan cepat dimengerti
Rahman Sinaga,5,2026-05-02 05:34:35,pelayanan bagus dan cepat
Mustakim Sinaga,5,2026-05-02 05:30:17,ulasan rathing 5
Yekti Nugroho,5,2026-05-02 05:28:06,oke
Juliyan Saputra,5,2026-05-02 05:22:57,sangat mudah di akses dan sangat membantu
Nuken Krois,5,2026-05-02 05:07:44,sangat cepat
Netflix 1234,5,2026-05-02 05:05:40,mantap
Maz Dukhi,1,2026-05-02 05:03:05,apk rusak banyak minesnya
Fahmi Dasum,5,2026-05-02 04:59:22,mantap sangan membantu
Falakh Afwan,5,2026-05-02 04:53:36,BPJS TK memang terbaik
Rama Dani,5,2026-05-02 04:52:50,sangat membantu
Te Yen,5,2026-05-02 04:50:37,baik
Muhammad Furqon Shukoy,5,2026-05-02 04:48:35,good respond
Kiki sukmaningsih,5,2026-05-02 04:47:45,apk yg sangat membantu
Putri nawati,5,2026-05-02 04:46:04,"sangat membantu,terimkasih aplikasih jmo.."
Upik Mardawati,4,2026-05-02 04:46:04,Sangat sangat bagus sekali dan luar biasa
Mc chanel,5,2026-05-02 04:41:08,lumayan walaupun masih ada kendala
Nurul Hasanah,5,2026-05-02 04:36:01,good
AdeHilal27,5,2026-05-02 04:35:45,mantap
Achmad Yani Adji,5,2026-05-02 04:22:30,sangat membantu
Ezik official,5,2026-05-02 04:17:20,ga guna apk ini seolah mempersulit
Ali Badriq26,5,2026-05-02 04:02:45,bissmillah cair
Iwan Sari,5,2026-05-02 04:00:25,Good
awal selalu,5,2026-05-02 03:56:35,bagus saya suka
Heruwaza,5,2026-05-02 03:56:11,aplikasi simpel mudah di fahami tidak ribet ukuran aplikasinya ringan mantap pokoknya
Yulia Anita,5,2026-05-02 03:52:51,sangat memebantu selalu
Taufik Hidayat,5,2026-05-02 03:49:27,di permudah segala urusan
Doni Hermawanjr,5,2026-05-02 03:47:17,sangat Menarik Aplikasi JMO Sukses selalu Ya
Hokage 91,5,2026-05-02 03:41:26,sangat membantu
Beni Beni,5,2026-05-02 03:34:49,proses cepat dan mudah
Wildan Assaidi,5,2026-05-02 03:33:24,membantu
Ade Kodel,5,2026-05-02 03:29:35,terimakasih kasih membantu saya dalam proses yang lebih cepat dan mudah dan cepat
Muhammad Pian,5,2026-05-02 03:24:16,bagus
Farhan Prananada,5,2026-05-02 03:20:45,mantapp
Zetha Arze,1,2026-05-02 03:19:17,selalu mempersulit ... ada aja kendala nya supaya gak bisa ngeklaim jaminan .dongok jmo skarang
Swari Sastra,5,2026-05-02 03:15:57,Sangat membantu
Tri Atmini Rahayu,5,2026-05-02 03:14:19,sangat membantu
Ykiirez,5,2026-05-02 03:11:58,bagus dan cepat
Abdul Arif,5,2026-05-02 03:09:54,mudah
Mariatine Sastrowiyono,5,2026-05-02 03:08:03,lebih mudah
Abil,1,2026-05-02 03:06:29,"karna kesalahan di verifikasi biometrik saya di alihkan ke lapak asik,, padahal saya sudah mengikuti prosedur yg tertera masih aja eror tambah lagi di lapak asik harus punyo nomor ngk jelas dulu bru bisa vc buat nyairin kok mangkin ribett dulu tahun 2024 enak² aja ngak ribet kek gini😮‍💨"
Elsa Dwitasari,5,2026-05-02 03:05:35,sangat membantu
friskaananda putri,5,2026-05-02 03:04:00,sangat puasss dengan jmo
efran noerhadi,3,2026-05-02 03:03:15,prosesnya praktis tetapi dalam proses klaim aplikasi sering terkendala
Sunan Kotabangun,5,2026-05-02 02:58:07,sangat bermanfaat
Aditama Krisna,5,2026-05-02 02:56:42,"Bagus, Sangatt membantu,"
Harfy Diw,5,2026-05-02 02:52:42,mantap tingkatkan lagi pelayanannya biar makin memuaskan
Karina Nurdiah,5,2026-05-02 02:43:06,yg penting cair cepet seneng kita
abdul halim,5,2026-05-02 02:42:20,musah san cepat
Hercahyo Wicaksono,5,2026-05-02 02:41:36,APP Sangat Membantu Tidak Ribet Over All Bintang 10
Hamdan,4,2026-05-02 02:38:50,kadang bug
Deri,5,2026-05-02 02:37:51,mantap
Fransisko Tambunan,5,2026-05-02 02:36:52,"sangat membantu, tidak perlu repot² ke kantor BPJS, terimakasih"
Nur Yansyah,5,2026-05-02 02:34:00,bagus
Mila Kurniasih,5,2026-05-02 02:28:53,mudah
Ayok Soraya,3,2026-05-02 02:23:22,sangat membantu dalam hal segala apapun
Djoko Mulyono,5,2026-05-02 02:21:56,sangat membantu sekali
achmad anwar2112,5,2026-05-02 02:17:24,sangat mudah
Amanda Melinda,5,2026-05-02 02:06:59,sangat membantu
Vino Vino,2,2026-05-02 02:04:43,tidak bisa log in
Safrin Mansur,5,2026-05-02 01:48:16,Sangat baik
Muhamad Yamin,5,2026-05-02 01:45:42,Setelah di perbaharui semakin buruk layanan apk ini login susah padahal sudah konfirmasi ganti sandi tapi tetap tidak bisa gimana ini
chatoer Punya,5,2026-05-02 01:44:23,semoga lebih bermamfaat
Ilma Malini,5,2026-05-02 01:42:25,Dengan ada nya pencairan lewat online sangat membantu dan memudahkan untuk orang yang jarak nya jauh dengan kantor bpjs nya
Khaerul Sohib,5,2026-05-02 01:32:06,mantap
Trio Ariwahyudin,5,2026-05-02 01:31:49,jos mantap dan mudah... tp ko ada pendaftaran yg bukan penerima upah jg... tu gmn ya...
Riko Setiawan,5,2026-05-02 01:30:47,bagus
Saripah Rizki,5,2026-05-02 01:27:34,baik
mur gianto,4,2026-05-02 01:26:48,pelayanan sangat bagus
Nurin Amalina,4,2026-05-02 01:26:05,"proses awalnya agak rumit di data, tapi ada masa juga proses cepat"
Erlita Sulistiawati,5,2026-05-02 01:25:21,tipa mau buka aplikasi selalu muncul jmo terhenti.tidak bisa masuk ke beranda.padahal dulu bisa dan normal.tolong di perbaiki!!!!
Fransiskus Andriano,5,2026-05-02 01:22:31,bagus
Nurul Hakim,5,2026-05-02 01:20:44,"sangat mudah dan simple,semoga kedepanya lebih sangat di mudahkan untuk proses,terimakasih"
Atin Atin,5,2026-05-02 01:13:41,sangat membantu
Rudi Antoro Game,5,2026-05-02 01:09:19,aplikaai sangat membantu
Siti Masturoh,1,2026-05-02 01:08:33,kepengen di nonaktifin ga bisa2 gimana caranya coba duh nyesel ikut progam ini
Ahmad Zainul,5,2026-05-02 01:03:28,sangat membantu
Andrean Krisna,5,2026-05-02 01:02:06,sangat mudah melakukan kegiatan yang di butuhkan tanpa harus ke cabang
Afifatur Rahmah,5,2026-05-02 01:00:43,mudah. dan simple
Maya Fitriyani,5,2026-05-02 00:59:45,sangat membatu
Mas Anwar,5,2026-05-02 00:57:56,lebih mudah
Sarman Man,5,2026-05-02 00:57:33,sangat memuaskan pelayanannya
Dicky Kharisma Prasetia,1,2026-05-02 00:52:28,susah amat mau ambil uang sendiri juga
Muzayyadi,5,2026-05-02 00:49:37,mantap
Asiyah Almirawalid,5,2026-05-02 00:46:14,aplikasinya sangat membantu
metalysa arafysa,5,2026-05-02 00:45:13,"selagi mudah pencairannya juga, mantap sihh"
Yudi Prasetyo,5,2026-05-02 00:42:04,"sangat membantu, mempermudah proses manteb"
Asep Saepudin,5,2026-05-02 00:41:53,mudah sangat cepet
fery setiawan,5,2026-05-02 00:36:35,mantap
Ar Rrum,5,2026-05-02 00:34:31,sangat rekomen banget dan membantu
Sucipto Ruswan,5,2026-05-02 00:29:36,sangat puas
Stenly Rumbay,5,2026-05-02 00:27:53,pelayanannya bagus dan cepat
FIKRI,3,2026-05-02 00:23:44,"di verivikasi harus pencahayaan terang,"
Dimas anggi,5,2026-05-02 00:22:37,sangat membantu dan cara klaim sekarang dipermudah
hari febri04,5,2026-05-02 00:20:50,sangat bangus dan cepat melayani
Irfan Siburian,5,2026-05-02 00:17:39,pengajuan cepat
Pengguna Google,1,2026-05-02 00:06:46,pengkinian data selalu gagal di beometrik
Ardiansyah Putra Ritonga,5,2026-05-02 00:05:53,"Sudah upgrade, saat akan login dan sudah memasukkan data login, aplikasi tiba tiba tertutup, mohon solusinya"
Fery Aditia,5,2026-05-01 23:54:59,BPJS keren
Mut Mainah,5,2026-05-01 23:33:52,sangat memuaskan
AL LUKMAN,5,2026-05-01 23:25:42,sangat membantu
Nadya Ardila,4,2026-05-01 23:24:25,KENAPA KESALAHAN SISTEM MULU WOI
Anggi Nrsptri,1,2026-05-01 21:28:30,halo jmo saya mau tnya ko aplikasi saya gabisa kebuka ya?setiap mau buka aplikasinya selalu lgsg keluar. uda update ttep sama aplikasinya gamau kebuka lgsg keluar/ketutup. ini kenapa ya?udah berulang2 soalnya
Anton refandi,2,2026-05-01 19:40:01,"gajelas banget ni aplikasi we dh daftar, pas mau bayar tiba tiba kepencet kembali trs pas mau masuk lagi disuruh login, pas mau masukin email gabisa tulisanya blm terdaftar."
Rafli Andrean (Andre),1,2026-05-01 17:41:11,membuka malah ke playstore alasan belum aplikasi tersedia lah gemn
Irfan Gojali,4,2026-05-01 17:33:17,kenapa tidak bisa login sementara email dan kata sandinya benar
Syukron Rizky,5,2026-05-01 17:25:56,knp tidak bisa klik login
Herlin Ritonga,5,2026-05-01 17:18:11,mudah digunakan
Jihan Jihan,5,2026-05-01 16:53:47,sangat puas
Dirwansyah Sada Arihta berutu,5,2026-05-01 15:26:45,bagus
Marka Nah,5,2026-05-01 14:48:51,jmo nggak bisa kebuka
Deva Arsqal refiano,5,2026-05-01 14:39:35,sangat cepat
daril bnpyk,5,2026-05-01 13:47:35,baik
Nyayu Sagita,3,2026-05-01 13:30:02,aplikasi sering terjadi masalah/ terhenti
Amin Amin,2,2026-05-01 13:24:32,bagus
Dede Hyt,3,2026-05-01 13:06:44,kenapa tidak bisa di buka di hp opo a 31
Cctv Smart,5,2026-05-01 12:54:56,mantap
MUHAMMAD Nazril Ilham,5,2026-05-01 12:32:26,josjis
Syaiful Hamzah,5,2026-05-01 12:29:32,bagus cepat pencairan dana nya
panjol09 panjol09,5,2026-05-01 12:20:13,sangat puas
Dwi Anggara,5,2026-05-01 12:13:17,sangat membantu sekali
Juandi,5,2026-05-01 12:04:44,jos
Resit Ahmadin yusuf,1,2026-05-01 12:02:10,"sebenarnya ini apk buat apa, udah gambil ft, kta ny ga sesuai ama yg di ktp, pengajuan di lapak asik, milih opsi yg klam lwat call ktanya sistem eror, ujung² ny nyuruh ke kantor cabang, lh gunanya jmo ni apa. g guna. klo dkat enak kntor cabang ny, lh ini 3 jam perjalanan, mnding klian hpus aja deh, ini ni mempersulit bukan mempercepat,mutar² aja."
Dhino Ar,5,2026-05-01 11:53:12,aplikasinya mudah di gunakan
Yuangga Yuangga,5,2026-05-01 11:51:45,sangat bagus dan bermanfaat
Rahmat Rahmat,3,2026-05-01 11:51:27,"pasti kalau mau nyairin uang harus scan muka,tapi terjadi kesalahan terus pas dikirim ,,tolong bantuannya 🙏🙏 aplikasi sudah bagus 👍👍"
Oki Saputro,5,2026-05-01 11:43:02,baguss cepat
Rudi Hartono,5,2026-05-01 11:40:07,Good
Anggara Putrawan,5,2026-05-01 11:38:03,aplikasi the best ever
Derki Mareta,5,2026-05-01 11:36:12,mantab
adrih mahesa,5,2026-05-01 11:33:29,good
nasiah nur,5,2026-05-01 11:25:27,good
Togog mbilung,1,2026-05-01 11:25:00,aplikasi sampah
ahmad,1,2026-05-01 11:15:45,tidak bisa login
andi Prasetiyo,5,2026-05-01 11:15:07,mantap
Feriandriawan 123,5,2026-05-01 11:13:38,sangat baik dan sangat membantu
Wilia Watisari,5,2026-05-01 11:12:08,udah bisa sekarang mah
MaXccbi EO (Gege),5,2026-05-01 11:09:21,pencairan cepat
Herwin Kinas,5,2026-05-01 11:04:29,good
Break Time,5,2026-05-01 10:54:48,good
N. Laundry,5,2026-05-01 10:51:00,ok
Tarsiyah 145,5,2026-05-01 10:44:48,bsgus
Moch Ega Rahmat Dani,5,2026-05-01 10:43:58,bintang 5.. lagi proses klaim jht Bismillah bisa
DmS T _ id,5,2026-05-01 10:42:48,jos
Rahmat Ramadhan,5,2026-05-01 10:42:40,sangat membantu
Dby Roma,5,2026-05-01 10:41:27,Ok.
Anggi Bekasi,5,2026-05-01 10:41:27,good banget
gonde mal,5,2026-05-01 10:36:32,good
Sudarmaji Aji,5,2026-05-01 10:35:03,the best
Muhamad Ramadhan,5,2026-05-01 10:34:56,cukup baik
Nurdianto,5,2026-05-01 10:28:27,Bagus
Okpi 1234,5,2026-05-01 10:28:06,oke
Moch Rafli,5,2026-05-01 10:26:38,amanah
rioo 04,1,2026-05-01 10:26:14,yang katanya di permudah mana punya saya malah di persulitt
kodon fvnky,5,2026-05-01 10:26:13,aplikasi yang sangat bagus 🔥
Anita Karolina Pratiwi ista,5,2026-05-01 10:25:40,semoga cepat di cairkan
Roedhy Key,5,2026-05-01 10:22:16,sangat bagus.
Kurniawan Kurni,5,2026-05-01 10:17:28,mantapp
Megi Zakaria,4,2026-05-01 10:16:27,jika pencairan cepat saya kasih bintang 5
Bilabongg TV,5,2026-05-01 10:16:20,keren
Ali Syah,5,2026-05-01 10:14:27,pelayanan digital yang mempermudah birokrasi yang berbelit-belit di lapangan.terima kasih
Lucas Darmawan,5,2026-05-01 10:13:12,"sangat berguna dan sangat baik. saya harap lebih bertambah lagi kebaikan dari aplikasi ini, amin"
Bur hanuddin,5,2026-05-01 10:09:22,sangat baik
Eko Triyono,5,2026-05-01 10:06:23,bagus
Muhammad Ryan,1,2026-05-01 09:45:53,"gak bisa verifikasi poto, aplikasi apaan ini, dev nya gak becus kerja"
Yulia Nafizah,1,2026-05-01 09:40:07,"aplikasi Jamsostek sangat mengecewakan. Setiap kali ingin klaim JHT, hampir selalu terjadi gangguan sistem. Proses jadi terhambat dan menyulitkan pengguna. Saat momen penting seperti klaim JHT, sistem justru sering error. Sangat merugikan dan membuang waktu pengguna."
Budi Setyawan,5,2026-05-01 09:30:36,Oke
19_bimo Anggoro,1,2026-05-01 08:52:23,"tolong dong masak verifikasi biometrik tiba"" gagal 3 kali gk bisa lagi bikin mempersulit pencairan udah 3 bulan gk hilang verifikasi mzk cuman dikasih kesempatan 3 kali dong reset lah kalau gini bikin susah tau"
Lala Abloheng,1,2026-05-01 08:46:10,setiap foto biometrik gagal mulu
tai ledik,1,2026-05-01 08:10:34,kebanyakan update bukan nya tambah simple tapi kaya TAIIIII..mau cairin duit2 sndiri ribett.wajar kalo ada perubahan pada tubuh teruma wajah jadi agak gemuk..kalo bukan dari pt amit2 simpen di jamsosTAIII.mending di bank ga ribet..
Ami nendra,1,2026-05-01 08:02:58,aplikasi bodoh
kepeng Tepong,5,2026-05-01 07:48:28,"nomor Nik KTP beda apakah bisa di urus, sementara perusahaan tempat kerja pertama sudah tutup/close"
Dyah Sukma Pramesti,1,2026-05-01 07:27:43,bukannya mempermudah malah mempersulit. berkali2 nyoba biometrik gagal mulu. mau ga mau sama aja urus di kantor cabang
faisal jack,5,2026-05-01 07:21:54,Very good
Ggaswfea Pb,1,2026-05-01 07:20:21,"mau claim jht pas ambil foto terjadi kesalahan terus padahal udah sesuai sama ketentuannya, gada yg jelas aplikasinya"
Via Triananda,1,2026-05-01 06:57:04,mau klaim aja susahnya minta ampun biometriknya ga bisa bisa
Darwindo Saputra,3,2026-05-01 06:50:06,"klaim hak di persulit, telat bayar di denda"
Naya Maul,1,2026-05-01 06:42:31,"proses pencairan jmo ribet banget, biometrik dari tadi ga terverifikasi padahal sudah sesuai sop, selalu muncul suruh ulang terus"
Rizal Isnani,1,2026-05-01 06:35:49,"aplikasi paling buruk, jaringan udag stabil, udah sesuai, dicoba berkalu2 masih gagal"
rahmad Nur,5,2026-05-01 06:32:38,krnapa jmo ngga bisa di buka
ShinKyun,1,2026-05-01 06:24:59,ambil uang sendiri ajh di persulit muka peserta tidak sama.. aneh di kira muka bisa sama dari muda sampe tua..
Ari Chandra,1,2026-05-01 06:21:03,dipersulit percuma ada aplikasi juga
Irfan Syah,1,2026-05-01 06:10:28,"kenapa di hp saya JMO tidak bisa di buka bos?? Aplikasi sudah yang terbaru dan jaringan stabil bos,kenapa ini bos??"
Abizar Apriansah,1,2026-05-01 06:06:24,claim JHT verifikasi biometrik setengah mampus. HP flagship aja masih gagal terus. aduh payah!!!
Adit Perdana,1,2026-05-01 05:47:27,mempersulit verifikasi aja susah minta ampun hrus nunggu2 hadeh
A Setiawan,2,2026-05-01 05:40:02,"tolong perbaiki lagi untuk verifikasi biometrik,saya sudah 1 minggu mengalami Kendala (Terjadi kesalahan,silakan ulangi beberapa saat lagi). Fungsi layanan online berbasis aplikasi itu buat mempermudah bukannya mempersulit kayak gini dengan eror yang gak selesai selesai."
haula fauzi,1,2026-05-01 05:26:45,"seger jelek, mempersulit pengeklaiman jmo"
YanCik,5,2026-05-01 05:17:37,saya kok tidak bisa login min? pencet tombol login malah gk mau masuk
Yan Ryo,5,2026-05-01 05:13:50,gimana ini sih aplikasinya baru juga mau pengajuan klaim malah keterangan biometrik gagal 3x buset belum foto baru mau mencet malah tulisannya udah 3xgagal heran banget Ama aplikasi yang skarang padahal dulu gampang banget cairnya juga cepet ga seribet dan se eror ini
Jandris Ind,1,2026-05-01 05:01:58,"apilikasi sampah , klaim jht pas sesi foto biometrix udah 10 percobaan terjadi kesalah terus padahal jaringan stabil dan lancar"
dias Sir,2,2026-05-01 04:26:24,pas mau cairkan jht trouble Mulu dibagian permuk
Sahrul Saputra,1,2026-05-01 04:12:37,kenapa saya mau upload foto untuk clam jmo malah muncul tulisan terjadi kesalahan coba beberapa saat lagi padahal sinyal dan cahaya semua sudah mendukung
Muamar S,1,2026-05-01 04:10:12,tiba tiba ga bisa login tiba tiba jadi salah email padahal sudah reset kata sandi endingnya harus ke kantor cabang juga nyusahin aja
Bakkara Andre,1,2026-05-01 04:05:54,melakukan verifikasi biometrik saja dipersulit
Ridho,1,2026-05-01 04:02:46,"biometrik gajelas ampe ke blokir,di sarankan ke kantor cabang,atau via online wawancara lapak asik,sedangkan saya punya waktu,kecuali weekend,sedangkan weekend mereka operasional nya tutup,sedangkan di hari biasa saya juga ga bisa ikut, karena sibuk berkerja d tempat berbeda lagi"
Asbli Cakra,5,2026-05-01 03:50:53,kenapa app JMO gak bisa di install di mi max 2
Akka Zaid,1,2026-05-01 03:35:32,Foto biometrik susah terjadi kesalahan terus tolong diperbaiki kita mau dipermudah bukan dipersulit
Alfiana Maudina,4,2026-05-01 03:21:20,ini mau claim jht ko pas bagian foto muka terjadi kesalahan terus nih
Muhammad fadil akbar,5,2026-05-01 03:16:48,good
KP - Dionisius Vindy Ketawang,5,2026-05-01 03:06:00,app error
Rian Adi Pangestu,1,2026-05-01 03:05:34,"percuma ada fitur klaim jht lewat jmo, kalo verifikasi muka aja error terus dari coba lebih dari 50x, giliran coba berhasil maah bilang foto ktp sm yg di upload beda. kan foto ktp tu foto lama"
aldaalda suga,2,2026-05-01 03:05:23,mau klaim bpjs semua sdh di ikuti persyratannya tpi pas biometrik sdh foto berualng kali kn gangguan terjadi kesalahan terus
Alifie Sedina,3,2026-05-01 02:55:57,kok saya buka link lapak asik buat pencairan saldo jht lama ya cuma loading doang udh buka brp kali tttp aja
Faisal Aditya Akbar,2,2026-05-01 02:55:46,"ini apps bantu bngt buat cek saldo aja pas mau claim JHT ribet bngt kesalahan informasi pas di biometriknya, harus di benerin lagi, di arahin ke lapak asik sama aja ampasnya, paling nenr datang langsung aja."
Gilang Putra,1,2026-05-01 02:51:19,"aplikasi ngga jelas, mau claim muka udah bener tetep salah juga ngga jelas!!!!"
Besoot Camelo,5,2026-05-01 02:50:00,sangat membantu
Jeni Septilia,3,2026-05-01 02:42:32,mf klaim jht ko tdk bisa y
Android Mi,1,2026-05-01 02:41:37,"jmo selalu keluar, ga mau masuk di aplikasi di android 14"
wisnuari,2,2026-05-01 02:34:48,mau pencairan kok verifikasi wajah gagal trus?? emang wajah saya berbeda??? aneh
Consultant Automotive,5,2026-05-01 02:32:40,cukup mudah dan membantu
Samuel Adi,5,2026-05-01 02:03:37,saya pakai samsung hp androit gak bisa buka jmo. jmo terhenti
Ahmad Suhaemi,1,2026-05-01 02:01:32,mau ngambil hak kita aja dibikin ribet koxak
Rama Risdiansyah,5,2026-05-01 01:41:34,mantap
SANG PETUALANG,1,2026-05-01 01:35:53,parah sih sekarang masa iya tiba tiba gagal gagal 3 kali verifikasi wajah padahal belum sama sekali verifikasi wajah kan aneh
Fahrizal Syah,5,2026-05-01 01:29:36,tetap jaya
Jaffray Kbarek,1,2026-05-01 01:17:44,"Sampaikan buat teknisi yg buat Aplikasi JMO agar dibuat lebih baik,, aplikasi kok eror dan indikasi "" Terus berhenti "" memory dan izin aplikasi semua ok tdk ada masalah, aplikasi saja yg kurang bagus 👎"
Pingky Aja,4,2026-05-01 01:17:28,pengambilan biometrik kurang respon
Irfan Sagita,1,2026-05-01 01:00:38,claim ribet
shaezo13,1,2026-05-01 00:58:43,klaim saya gangguan terus
Ikbal Tomi,5,2026-05-01 00:57:34,👍
Indra Coc,5,2026-05-01 00:49:14,"ini knapa ya mau pengkinian data gagal terus , ada kesalahan terus"
muhammad rival,1,2026-05-01 00:37:42,aplikasi bobrok belum layak pakai verifikasi biometrik hal paling sulit di kembangkan lagi dong aplikasinya ini kebutuhan para pekerja tapi aplikasi terlalu mempersulit karna bobrok
Agung ARM,5,2026-05-01 00:34:06,Terima kasih JMO Atas pelayanannya.
Lili Arsala,2,2026-05-01 00:15:52,verifikasi foto selalu gagal
Ari Amalia,1,2026-05-01 00:10:59,saya mau verifikasi wajah buat absen aja sulitnya minta ampun... maksudnya apa ya... janganlah mempersulit kami..
Doni Susanto,1,2026-05-01 00:06:49,"masukkan untuk jamsostek ya. waktu tunggu pencairan yang terlalu lama. harusnya bisa cpat. ini nunggu sampai 1-2 bulan setelah off. orang putus kerja atau berhenti kerja entah apapun penyebabnya pasti butuh duit yg ada di jamsostek. itu duit mereka lho, kenapa harus berbelit"" prosesnya. gila emang aturan di negara ini. rumit."
Eman Ence,5,2026-04-30 23:59:10,sangat baik
Yesi Indri,1,2026-04-30 23:54:02,"sunpah mau klaim jht foto berkali kali tetep gabisa, dari dulu selalu kaya gini. minimal perbaiki"
Sardut Radit 123,4,2026-04-30 23:44:22,Tolong setiap mau konfirmasi jp berkala gagal trus
Syarifuddin,1,2026-04-30 23:42:55,"pake fitur verifikasi wajah tapi penyedia layanan belum becus, kalo belum mampu pake foto wajah aja. anggaran untuk aplikasi JMO ini pasti milliaran tapi begini kualitas nya"
Asikah Ika,5,2026-04-30 22:54:59,mantep
bakwan_ angetan,1,2026-04-30 20:07:41,Aplikasi tidak bisa masuk keterangan JMO terhenti terus...
Anjel Agustin,5,2026-04-30 17:15:26,pelayanan bagus semoga mudah proses nya...
Isma Ismu,1,2026-04-30 13:54:40,Belum bisa d buka aplikasi nya.!!
Atem Ilham,5,2026-04-30 13:53:04,Aplikasi ini sangat memudahkan saya untuk melihat saldo JHT
Ravi Gen,5,2026-04-30 13:48:30,mantap
Mahmud Aceng,2,2026-04-30 12:44:30,apa kah.. di android 9 tdk bsa di buka alias erorrrrr
Afif Saputra,3,2026-04-30 12:39:38,kak kenapa saat klaim jht proses vertifikasi dokumen lama banget padahal udah 16 hari
Peyek 2109,5,2026-04-30 11:11:34,bagus
Yulianto 1234,5,2026-04-30 11:02:36,bagus
Tina Nurjanah,5,2026-04-30 10:52:27,karna bagus
Ega Rangga Permana,1,2026-04-30 10:48:55,kenapa ini udah pencet login tapi gak masuk masuk
Karen Cynthia Puspitasari,1,2026-04-30 10:47:07,Tidak bisa klaim secara langsung di kantor BPJS terdekat harus online. Perlu banyak perbaikan. sistem klaim JHT dialihkan ke lapak asik. kenapa gak buat aplikasi lapak asik aja? klaim online. ujung2 nya kita datang ke kantor bpjs ketenagakerjaan yg ada di wilayah masing2
Rahman Naya,5,2026-04-30 10:37:04,bagus
Rizal010@gmail.com Kurniawan,5,2026-04-30 10:27:32,good
Fauzan Azizz,4,2026-04-30 10:24:43,Kenapa jmo saya tidak bisa masuk terus padahal sudah klik join
jama'ah rea reo,5,2026-04-30 10:20:58,aplikasi masih tidak bisa di buka ... tolong di perbaiki
Bayu Rahmat Properti,5,2026-04-30 10:11:21,Mantab
Firli Raka Siwi,5,2026-04-30 10:09:43,kualitas aplikasi oke
alex fikri jr,1,2026-04-30 09:35:29,"gak bisa di buka, sangat miris sekali"
Dina Rachel,1,2026-04-30 09:04:32,"Selalu error, sudah bolak balik install-uninstall tetep gak bisa di buka"
AHMAD ZAHRONI,5,2026-04-30 08:55:37,respon cepat mksh
Feri Heru,5,2026-04-30 08:34:00,"kenapa setiap mau masuk ada tulisan terus terhenti,mohon penjelasannya"
Hatia Ubay,5,2026-04-30 08:27:03,"aplikasi sangat membantu, mempermudah sangat berguna 👍"
Muhammad Iqbal,1,2026-04-30 07:40:35,"kenapa sering bermasalah servernya, susah sekali untuk tembus. katanya rutin perbaikan tapi hasilnya tetap sama, server sering bermasalah"
Alfianrizqy 2013,5,2026-04-30 07:32:46,pencairan ga nyampe 5 menit Mantap JMO 👍👍👍👍👍
Agus Maulana Yusuf,4,2026-04-30 07:15:56,proses klaim sangat lambat
Roy Suri,5,2026-04-30 07:09:13,ok
Adi Iryadi,5,2026-04-30 06:54:07,semakin baik dan terbaik
Mayasri Astuti,5,2026-04-30 06:35:52,"memudahkan, nggak perlu ke kantor kalo mau klaim sedikit"
Malik Az,2,2026-04-30 06:20:08,"email sudah bner, sandi udah bner knpa gk bisa di buka???"
Novita,1,2026-04-30 05:45:05,gagal masuk terus heran padahal email n pasword benar
Sudar Yanti,5,2026-04-30 05:41:29,"aplikasi JMO saya tidak bisa di buka , jadi saya kesulitan untuk klaim jp berskla secara online"
eko purnomo septo amongbrotherhood,5,2026-04-30 05:33:55,sangat membatu
Muslimin Mus,5,2026-04-30 05:33:47,terimakasih JMO sangat mudah sekali claim semoga bermanfaat buat seluruh pengguna JMO good luck 👍👍👍👍👍
Manda Dores Hasibuan,5,2026-04-30 05:13:52,sangat membantu sekali
Santo Santokui,4,2026-04-30 04:09:02,bagusd
Nurliah,5,2026-04-30 04:06:18,cara buka fitur klaim jp meninggal dunia gimana ya
arsya kirana,1,2026-04-30 03:35:34,aplikasi tidak bisa terbuka cuma muncul jmo terus berhenti.
Hendri Saputra,5,2026-04-30 03:23:24,trimakasih
Yessy Agustin,5,2026-04-30 03:11:47,mantap
Fatir Meisandi,5,2026-04-30 03:00:43,semoga mempercepat
Nureva Suryani,5,2026-04-30 02:53:54,"pelayanan ramah,"
Khoirul Anam,5,2026-04-30 02:24:23,sangat cepat proses nya
Hendro,5,2026-04-30 02:21:42,mantap
Lau Kesumpat,5,2026-04-30 01:36:17,aplikasih nya sangat membantu
Royyana,4,2026-04-30 01:30:20,kenapa jmo saya ga ada verifikasi biometrik nya ya min
Andri 350,5,2026-04-30 01:04:39,cepat
Selamet Selamet,5,2026-04-30 01:00:28,sangat mudah dipahami. tp terlalu cepat untuk orang tua usia lanjut
Grey Green,5,2026-04-30 00:51:26,pesawat berguna bagi warga yang tinggal di daerah yang sangat jauh dari kota
Ahmad Afandi,5,2026-04-30 00:42:40,good
Agus Nurdin,5,2026-04-30 00:24:12,Sangat mudah dan membantu sekali
suroto anakhebatindonesia,5,2026-04-30 00:01:14,⭐⭐⭐⭐⭐
Ade Nurmanda Hakim,5,2026-04-29 23:59:20,mudah digunakan simple
Eva Hermawati,5,2026-04-29 23:50:56,Alhamdulillah.. terimakasih Jamsostek Mobile BaarakAllahu..
Muh Jeffry,5,2026-04-29 23:40:39,pengklaiman nya mudah dan amanah
Erwin Rama,5,2026-04-29 23:31:43,saya tidak bisa login ke aplikasi jmo
ilham ilham,1,2026-04-29 22:27:37,Sering keluar sendiri teru login susah. padahal sandi sudah benar. coba pake biometrik jari biar cepat masuknya. tolol juga yg bikin ini
Selamet Satpam,5,2026-04-29 20:36:54,"baik,"
VENDOR KAOS SEMARANG,1,2026-04-29 18:05:45,apk sering force close sendiri
Liena Hartono,5,2026-04-29 17:16:19,"Tidak bisa membuka jmo setelah d perbaharui,dgn keterangan ""jmo terhenti"" tlg d bantu untuk mengaktifkannya kembali.terimaksih"
Lestari,5,2026-04-29 14:14:10,👍👍👍
Hendra ika,3,2026-04-29 13:41:11,"kenpa setiap buka aplikasi selalu terhenti,mhn dbantu"
Parlin Nababan,5,2026-04-29 13:20:37,cukup
Tesa 1406,5,2026-04-29 13:18:24,proses mudah dan cepat
Devino Primanda,1,2026-04-29 12:33:49,login saja tidak bisa
Riska Permana Wati,5,2026-04-29 11:30:52,Sangat baik
Yan Antono,5,2026-04-29 10:20:34,mudah digunakan
Teguh Wahyuni,1,2026-04-29 10:06:36,gak bisa di buka di hp Oppo A31 kenapa yah
suprapno suprapno,5,2026-04-29 09:11:50,"aplikasi ga bisa dibuka, knapa?"
Rina Wahyuningsih,5,2026-04-29 08:05:42,pelayanan baik dan ramah
Faroja Nur Savira,5,2026-04-29 07:54:54,puas SM apk nya
Aris Cungis,1,2026-04-29 07:54:34,"setelah di perbarui kenapa gabisa login, tombol login di pencet tapi gabisa kalau salain itu bisa semisal mencet tombol buat akun /lupa sandi bisa tapi knp mau login/mencet tombol login gabisa sama sekali"
The Jedhig,4,2026-04-29 07:42:49,"di adroid 13 samsung gak bisa dibuka, kenapa ya"
Gustina Sari,5,2026-04-29 07:39:15,Sangat membantu untuk para karyawan seperti kami yang ingin mengecek hak kami sebagai peserta bpjs di perusahaan
Surya Vegantara,1,2026-04-29 07:27:02,JMO gak jelas email sudah bener password dah bener masih susah login..signal juga 4G+...mau alasan apa lagi
Avril Hakim,2,2026-04-29 07:12:21,masalah di login masuk saat melakukan kata sandi nya lama banget. LEMOTTT
Faysal Gilang Febriansyah,5,2026-04-29 06:51:38,Sangat membantu
Rapli 23,1,2026-04-29 06:24:35,"saat ingin verivikasi biometrik malah diminta tersenyum, gimana untuk orang yang tidak bisa tersenyum (permintaannya aneh banget)"
Zakir Ode,5,2026-04-29 06:16:49,pengkinian data suka error
Ikhlasul Amal,5,2026-04-29 06:02:55,semoga aplikasi jmo ini semakin banyak manfaatnya
Nur Kholis,5,2026-04-29 05:59:09,"pengkinian data susah, tolong di perbaiki aplikasinya"
Manzari Syahputra,3,2026-04-29 05:56:04,saya saat ini mengalami keluhan mohon di tindak lanjuti saya mau pengkinian data namun tidak bisa
Rachmat Kurnia,5,2026-04-29 05:47:55,kaga bisa dibuka diperangkat android 14 tolong infonya
Ruth SarHut,1,2026-04-29 05:42:39,"aneh sekali aplikasi ini. saya mau buat akun , namun sudah terdaftar, setelah saya input email dan password nya, tdk ada akses."
guns gs,5,2026-04-29 05:26:08,klaim 10% loading data nya lama meluluu
Feriati Djara,5,2026-04-29 05:23:33,sukses
Rosyid Tukiman,5,2026-04-29 05:05:27,sangat bermanfaat
Ilham Maulana,1,2026-04-29 04:55:28,apliakasi tidak berguna sama sekali mending langsung ke kantornya sja
Ella Firanti,5,2026-04-29 04:50:44,"bagus ok, job"
Wahyu Awe,5,2026-04-29 04:31:28,kenapa tdk bisa di buka aplikasinya
ICHSAN P,5,2026-04-29 04:11:26,sangat mudah dan ramahh
amy alviyani,5,2026-04-29 04:04:32,.sangat membantu sekali
Sri Wulandari,5,2026-04-29 03:46:56,"Mantapp, sangat cepat pencairan nya ga sanpai 2 menit cairkan JHT"
Budi Santoso,5,2026-04-29 03:22:52,sat set whazz whuzzz...
Desi,4,2026-04-29 03:21:03,sering logout dengan sendirinya dan kadang susah untuk login lagi
X Bloodz,1,2026-04-29 03:15:28,"Aplikasi kontolllllll gak Mempermudah proses malah dipersulitt ini gimana yg buat Aplikasi, emang sengaja disetting agar tidak cair apa gimana ini, uang"" kita kenapa dipersulitttt emang aplikasi Babi"
Tofan Feri,5,2026-04-29 03:15:06,mantap
yuli Setiarini,5,2026-04-29 03:14:01,oke
imam abrori,5,2026-04-29 03:06:37,good
Onon Siregar,5,2026-04-29 02:53:23,sangat membantu
Efrizaldi Agussaputra,5,2026-04-29 02:53:12,sangat membantu
Nasriel Nompo,5,2026-04-29 02:50:26,sangat bagus dan sangat membantu
Bertha Hutajulu,5,2026-04-29 02:46:38,Melayani dengan baik & cepat
Ezra Alamsyah,5,2026-04-29 02:44:06,bagus bangetv
Toto Heryanto,5,2026-04-29 02:00:36,baik sangat bermanfaat
Ashr R,5,2026-04-29 01:51:08,sangat memudahkan tanpa harus antri berdesakan dikantor pelayanan
Nazar Nazar,5,2026-04-29 01:22:15,mantap
Cicih Cicih,1,2026-04-29 01:17:29,"login aja susah, suruh daftar online, yg bnr aja, gila dong"
intan dapenbun,5,2026-04-29 01:02:16,"Alhamdulillah, sangat memuaskan, semoga BPJS lebih baik lagi, trmks atas kerja samanya Sehat, Succes serta selalu dlm lindungan Allah 🙏"
November King,5,2026-04-29 00:59:31,👍🏻
Asep Soleh,1,2026-04-28 23:51:57,jmo rusak kah
dfactor y,1,2026-04-28 22:00:50,"jika bisa dana siaga netral, terkait instansi bisa rekom tdk hanya 1 atau 2 saja, kemudian dr masa kerja atau saldo seharusnya, mempermudah proses dan transparan terlihat di data"
Super Herro95,5,2026-04-28 18:52:33,"untuk BPJS Penerima upah sudah terdftar, setelah kembali login ke akun dengan data yang sesuai, mlah di bilangnya slaah, untuk fitur lupa sandi dan akun juga nihil hasilnya, bantuannya dong?"
Ilhamarham Ilhamarham,2,2026-04-28 18:37:42,di hp ku nda bisa terbuka tolong dong
Moch. Wahyudi,1,2026-04-28 17:05:12,Gagal login terus bos...!!!
paijo celeng,1,2026-04-28 14:23:59,"aplikasi kalau punya pemerintah itu pasti banyak kendala. anggaran aja yg gede, bikin aplikasi simple aja banyak bug."
blade 86,5,2026-04-28 14:06:34,kok g bisa di buka ya
Dwi Wijaya,5,2026-04-28 13:40:01,mntap
arti ariefa,5,2026-04-28 12:18:06,verifikasi biometrik memang agak butuh perjuangan tapi secara umum sangat baik dan ramah pengguna dan bermanfaat
Daris,2,2026-04-28 11:11:16,"muncul aplikasi berhenti terus,tidak bisa di buka di samsung s8plus android 9"
Awalisa Miftakhul Jannah,5,2026-04-28 10:56:22,bagus aplikasinya
BDR,5,2026-04-28 10:55:07,cepat dan informasi sangat membantu
nonna Kali,5,2026-04-28 10:29:16,terimakasih
bandiyo hartono,5,2026-04-28 10:05:27,ramah mudah
Jujun Junaedi,5,2026-04-28 10:01:46,bagus
Muzakkir Sakir,2,2026-04-28 09:59:30,aku ndk bisa masuk katanya aku. SDH terdaftar padahal baru pertama kalinya ini mau daftar
Toto Raharjo,5,2026-04-28 09:40:04,mantap
irianto lasena,5,2026-04-28 09:14:56,bagus apk nya membantu
Usman Amin,5,2026-04-28 09:12:31,"sangat memuaskan atas pelayanan terhadap kami, pengguna BPJS ketenagakerjaan dan trimakasih"
Tomi Tom,2,2026-04-28 08:44:31,labat respon
Dhep canel bravo586,4,2026-04-28 08:21:21,"mungkin ada yang salah dengan aplikasi baru JMOnya, kok muncul cuma 1 pilihan.. Bukan penerima upa"
Yaumal Basyar,5,2026-04-28 08:02:09,Lebih mudah lewat JMO
Puji Rahayu,5,2026-04-28 07:34:16,sangat membantu
Urip Tea,5,2026-04-28 07:25:56,mantap aplikasinya
Yos Lino,5,2026-04-28 07:20:25,Mudah dan cepat
Saleh Saban,5,2026-04-28 07:14:36,klaim lancar
Siti Nur,5,2026-04-28 07:12:10,ramah mudah
Wawan John,5,2026-04-28 07:05:19,klaim jhy cepat
Rahman Lamusu,5,2026-04-28 06:44:11,sangat puas
Herry Juliadi,5,2026-04-28 06:09:42,sabgat membantu dalam proses klaim
Roman Ardiansyah,5,2026-04-28 05:52:03,baik
Indrok86aFM,3,2026-04-28 05:49:51,padhal sandi dan akun gogle udh benar tapi gak. bisa login
Zakaria,1,2026-04-28 05:38:18,Min solusi di huawei gak bis adibuka aplikasi terus berhenti kalo. Versi lama bisa
Haryono Tamar,5,2026-04-28 05:31:05,Sangat baik dan Terima kasih.
Andre Bagus,5,2026-04-28 05:17:37,sangat bagus pelyanannya
Ardani,5,2026-04-28 05:12:46,sangat membantu
Tuan Irsada,1,2026-04-28 05:07:02,"aplikasi anjeng ini,, pencarian alamat ga bisa. scan wajah susah"
atreides paperthermal,1,2026-04-28 05:04:20,"bapuk kalim jht aja tidak dapat terhubung ke server, manual ke kantor 1 minggu"
Taufik Hidayatullah Karin,1,2026-04-28 05:02:59,GA BISA LOGIN
Hendra Permana,5,2026-04-28 05:02:55,sippp
Aang Khunaifi,1,2026-04-28 04:57:03,"aplikasi tidak bisa dibukak,mental"
Tia Silvani,3,2026-04-28 04:07:02,tidak bisa login. bisa nya dihp yg satu lg baru bisa dibuka . kenapa ya?
Yusuf Kata,1,2026-04-28 04:05:13,good
Eti Ratnasari,1,2026-04-28 03:38:52,"kacau BPJS skrng mah..udah daftar antrian online pas udah daftar ga ada no antrian..pas ke kantor harus ambil lgi antrian,,terus fungsi dftr online apa,KLO ujung ujung ngantri panjang lagi..aneh ya skrng mah,sudah tertera terpasang di spanduk ( ga prlu ngantri danpatkan no antrian secara online,,ttp aj preet)"
Ari Iswara,3,2026-04-28 03:08:01,"Aplikasinya bagus tapi kenapa setiap mau login kadang susah mau masuk menurut saya itu hal yang sangat menganggu apa ada perbaikan atau masalah lainnya, tlong di perbaiki aplikasinya agar tetap nyaman di gunakan Terima kasih"
Batu Kering,4,2026-04-28 03:02:01,ok
Muhammad ihsan,1,2026-04-28 02:47:01,apk apaan ga bisa di buka di android 16 dan iphone wkwk kocak kocak
Akhmed Sidik,5,2026-04-28 02:41:30,ok
Teo Afandi,5,2026-04-28 02:41:28,baik
Januarius Tani,4,2026-04-28 02:28:06,Semoga bermanfaat
Jani Fc,1,2026-04-28 02:12:54,kenapa saya tidak bisa masuk ke akun. email dan sandi sudah di tulis. tapi di tekan tombol login nya GX ada respon
Hendra Marcelino,5,2026-04-28 01:56:16,"sudah di instal beberapa kali,tapi susah banget masuknya kenapa yaa,tolong dibantu yaa"
"Dam, an ali Pitram",3,2026-04-28 01:50:48,"makin hari makin ribet apk JMO ini selalu alasan keamanan itu pihak admin tdk mikir kalo buat aturan baru, setiap habis lodiang apk akan log out sendiri lodiang lagi tdk bisa lagi sampai sekarang akun aku terblokir gara gara masukan password salah 3 x, tolong buat admin sistem ya di perbaiki lagi ribet pakai sistem sekarang tdk seperti tahun sebelumnya"
Norii Melania,5,2026-04-28 01:39:06,layanan cepat & Mudah
Abu Kelana,5,2026-04-28 01:37:31,"sangat membantu, good process & service"
Firda Maulidiyah,1,2026-04-28 00:33:46,"pengkinian datanya susah, banyak file yang harus disiapkan, ketika keluar dari apk mulai dari awal lagi terus sprti itu smpe 3x udh gabisa masuk lagi deh. parah!"
GenQsa 1916,5,2026-04-28 00:02:00,i like it 😁
Rahma Wulan,3,2026-04-27 23:17:19,"padahal data sudah sesuai tapi tetap aja gabisa Lanjut ke halaman berikutnya. selalu ""Pastikan data diri sesuai dengan ekpt"""
Ahmad Yusuf Faizin 12B SMK Purnama Tempuran,1,2026-04-27 23:16:59,"aplikasi gak bisa dibuka selalu force slosed sendiri, padahal sebelum nya tahun 2024 aman aja di android 7 armv7a bisa berjalan. mohon di update bug. nya"
Abdul Salam,1,2026-04-27 22:25:02,"sudah berulang kali aplikasi ini di donlowad di hapus di donlowad tapi tetap tdk bisa terbuka, kalau aplikasinya di buka cuma tampil layar putih lalu keluar kembali. Membosankan."
Hari Saptono,5,2026-04-27 20:09:01,bagus sekali
Heroe Sinaga,1,2026-04-27 18:42:36,buka aplikasi langsung terhenti mendadak...secara ber ulang
Annisa “Nissa” Shabaniah,5,2026-04-27 16:45:10,terima kasih sdh menjadi teman terbaik selama masih di pekerjaan... dan untuk kelanjutan untuk BPJS jaminan hari tua lebih transparan lagi Bos. Terima kasih 🙏🙏🙏
april,4,2026-04-27 16:18:21,tidak bisa terbuka aplikasinya
Dewi Apriliana,5,2026-04-27 14:37:32,sangat bagus & membantu
Anali Fadhli,5,2026-04-27 14:13:25,mantap
Rian Darko,1,2026-04-27 13:41:11,"aplikasi sangat konyol ,gak bisa di semua OS .aplikasi jmo ini selalu mental gak bisa di buka plis developer nya bisa kerja ga ya aplikasi sekelas pemerintah kok di batasi"
rahmat tomang,1,2026-04-27 13:26:02,aneh...E mail w ga terdaftar..ko bisa .
rudi santoso,5,2026-04-27 12:44:48,makin cepat proses dan pelayananya praktis
Nunung Siswanto,5,2026-04-27 11:50:58,terimakasih
Ramos 72gar,5,2026-04-27 11:12:39,saya sdh install JMO Ketenagakerjaan tp knp tdk bisa dibuka aplikasinya?
irham fanani,1,2026-04-27 10:57:26,ngga bisa di buka aplikasinya
Abdull Aziz,5,2026-04-27 10:25:22,bagus
Andi Muis,3,2026-04-27 10:08:55,cape.tiap buka perbarui mulu
kd2 prince,1,2026-04-27 09:48:05,"kalau gagal solusinya, silahkan pakai calo,pasti lancar,"
Gede Some,5,2026-04-27 09:41:15,mantap
Chat di bantu sampai cair,5,2026-04-27 09:41:03,"JMO aplikasi sangat keren banget,sangat membantu ketika mau melakukan pencairan saldo JHT..Proses mudah tidak butuh waktu lama uang langsung masuk rekening pribadi..Buat yang mau klaim ada kendala boleh chat ke no di atas di bantu sampai cair ya..Terima kasih semoga ulasan ini bermanfaat..dan membantu yang mau melakukan prosea klaim saldo"
Inun Hanifah,5,2026-04-27 09:29:45,good
Mirza Arfian,5,2026-04-27 09:26:55,"waktu pengisian data pengklaiman ada form isi kota , tapi waktu saya mencari di pencarian kota sidoarjo, jawa timur ,kenapa aplikasi lsg mendadak loading lama ..... tolong"
AGUNG PRAMSUDIRO,5,2026-04-27 09:03:57,"mantab, pencairan mudah. barakallah"
Yudiansyah Syah,5,2026-04-27 08:45:34,klaim jht saya sudah di batalkan tpi kenapa statusnya masih menunggu verifikasi dokumen.
Ibnu Prawitno,5,2026-04-27 08:42:33,"Sangat mudah, sangat membantu"
abdul azis,5,2026-04-27 08:23:17,aplikasi nya sering mangalami crash
Dede Yati,1,2026-04-27 08:17:45,"jmo knapa sulit login ya selalu salah kata sandi dan username, padahal dari dulu bisa, dan tidak ada perubahan sandi"
Amrulah DB,1,2026-04-27 08:05:27,knp tidak bisa masuk akun sudah di tekan bergabung terus email bnr kata sandi benar Mash ga bisa benerin dong aplikasi nya
I Made Dwi Antara,2,2026-04-27 07:40:46,tidak bisa login email dan password sudah benar
Samuel Chris,5,2026-04-27 07:40:07,bagus
Shul Jalali,5,2026-04-27 07:29:58,sangat membantu
Ahmad Wawan,5,2026-04-27 07:21:49,baik
joels baesi,5,2026-04-27 07:15:54,bagus
Sri Untung,1,2026-04-27 07:05:41,"kenapa baru download jmo terus terhenti tidak bisa masuk ke aplikasi , mohon segera di perbaiki"
Wardi Ucup,4,2026-04-27 07:00:11,mempermudah cek saldo yg sudah ada..
Dwi Prayoga,1,2026-04-27 06:59:28,jangan mau di bodohi aku mencairkan saldo udah seminggu belum masuk rekening sampai sekarang
Andreas Lukita,5,2026-04-27 06:35:18,proses cepat dan mudah
Musda Via,1,2026-04-27 05:49:15,JMO trus berhenti.. d hp redmi 4x.. gmn mohon d perbaiki
Nanang Apri,5,2026-04-27 05:46:02,"klaim menjadi lebih melalui aplikasi JMO tidak perlu datang ke kantor cabang lagi dan proses nya cepat,ayo klaim melalui aplikasi JMO 👍"
iyan setiawan,5,2026-04-27 05:33:08,terbantu memudahkan
Desi Utami,3,2026-04-27 05:18:50,"sudah upgrade paling terbaru , pasword dan email sudah benar 100% tapi tidak bisa login sama sekali, cuma berhenti di halaman itu terus, agak mengecewakan sih jmo, saya mau cek dari minggu lalu sampai sekarang masih sama"
Hardie One,5,2026-04-27 05:00:25,"Proses pencairan cepat, verifikasi mudah, pelayananan bagus dihubungi via WA untuk klaim JHT. Pertahankan kualitas, terima kasih."
Sandy Sumala,5,2026-04-27 04:57:15,terbaik
Mauludi Isdhianto,5,2026-04-27 04:37:48,bagus sekali
kurniawan alfata,5,2026-04-27 04:31:05,keren sekarang aplikasi tidak ribet2 lagi
Logista Deny Saputra,5,2026-04-27 04:19:15,mudah
Zelmira Neily Faricha,5,2026-04-27 04:14:37,good
Alif Nur Gusti Legawa,5,2026-04-27 04:13:04,terima kasih
Muhammad fajar,1,2026-04-27 04:02:47,gak bisa login
Abeng Bule,1,2026-04-27 04:01:28,tidak bisa buka apj jmo karena terus memuat dan terus kembali
Alfi,5,2026-04-27 03:58:16,ok
Dwi Arnan,5,2026-04-27 03:47:09,Masuk pakai Android Huawei 80 mate tdk merespon kenapa ya
Azhar Apriansyah,5,2026-04-27 03:34:07,proses pelayanan cepat lewat aplikasi JMO
Sampe Risa,5,2026-04-27 03:30:50,sangat membantu sekali
Itha Corebima,5,2026-04-27 02:57:03,terbaik dan cepat prosesnya
Isna Apriadi (Blues),5,2026-04-27 02:37:47,josjus
HannaClaudia,5,2026-04-27 02:09:15,pelayanan bagus terimaksih bpjs pohuwato
Vahren,3,2026-04-27 02:07:15,kenapa aplikasi nya pas dibuka mental terus?? udah uninstal berkali-kali tapi tetap tidak bisa
Moh Mansur,5,2026-04-27 02:06:26,sangat membantu sekali
Senopra Pras,5,2026-04-27 01:32:31,sangat mudah digunakan
dadang supriyadi,5,2026-04-27 00:21:03,"Sejauh ini, lumayan bagus dan membantu dalam pencairan dana JHT"
Nanang Santoso,1,2026-04-27 00:14:19,aplikasi tidak bisa dibuka
Yessy Melia,1,2026-04-27 00:08:46,"aplikasi ribet, sudah klaim tapi uang tdk. masuk"
Iman Imanuel laro,5,2026-04-27 00:05:11,"aplikasinya tidak bisa di buka, mental terus"
Diah Wiranti,1,2026-04-26 23:31:09,"baru mau buka apk jmo tapi pas diklik langsung kembali lagi , jadi apk nya gak bisa dibuka sama sekali , tolong diperbaiki lagi"
dakocan jaran,1,2026-04-26 20:16:26,"ini kenapa ya kok gabisa cek rincian RSJHT bulan lalu,kenapa hanya muncul yg tahun yg lalu/sebelumnya,jadi kurang update untuk RSJHTnya"
Vita jayatama syafira,1,2026-04-26 18:41:35,kenapa ini qo JMO aku gak bisa dibuka
Gabriel J. Laia,5,2026-04-26 15:59:47,bagus
Batam Appa,1,2026-04-26 15:35:24,"kok gak bisa di akses aplikasinya, padahal dah di delete ulang2"
Iwan Kurniawan,5,2026-04-26 15:21:56,kenapa aplikasi tidak bisa dibuka setelah didownload?
Bang Rony,2,2026-04-26 14:11:20,aplikasi terhenti teruss....
luwie Asih,4,2026-04-26 13:53:02,"kenapa ga bisa login, sudah berkali2 malah muncul belum kata² anda belum terdaftar padahal tiap bulan bayar..."
Dierderos El,1,2026-04-26 13:47:34,layanan sangat buruk
linkin extand,1,2026-04-26 13:46:41,"aplikasi tidak bisa di buka di hp vivo ,dan OS12 tetap tidak bisa di buka"
Bang Nov,5,2026-04-26 13:35:25,"Tolong diperbaiki ketika pengisian NPWP 16 Digit dilapak asik tidak bisa,karena kolom hanya tersedia 15 Digit. NPWP terbaru sudah menyesuaikan NIK KTP 16 Digit."
Jajang Jayadi,1,2026-04-26 13:29:32,kenapa akun sy tidak bisa d buka padahal sudah masukin password dengan benar malah ngeleg g bisa d klik
Ismail Ismail,5,2026-04-26 12:59:05,kenapq JMO saya g bisa ke buka
Aroy hottua98,5,2026-04-26 11:58:30,bagus
Andalan Bosmu,4,2026-04-26 11:51:05,kenapa tidak bisa login ya
Galaxy A04e,5,2026-04-26 10:54:45,Dengan adanya JMO kita bisa melihat dan menyimpan dokumen penting..Mantaaap JMO Sukses 👍👍👍
Jhoni Sitorus,5,2026-04-26 10:31:11,sangat membantu
Dadank Wahyudin,1,2026-04-26 09:26:28,kenapa aplikasi ini tidak bisa di buka di hp saya?saya pake samsung A02
Black Semut Official,1,2026-04-26 09:22:36,Ini kenapa ya Aplikasi JMO gak bisa login? Email dan kata sandi padahal sudah benar?
Jenggo Saefulloh,5,2026-04-26 08:46:54,aplikasi ini sangat membantu..
Gus taf,5,2026-04-26 08:22:04,harus gmn cra nya lupa email
Tomi Atmanegara,5,2026-04-26 07:43:45,"sangat mudah bisa cair JHT secara online, tanpa Ribet dan sangat membantu sekali. Excellent."
Hendi Nurhamzah,5,2026-04-26 06:49:07,tidak bisa terbuka aplnya
semion 25,4,2026-04-26 06:24:28,"cepat, mudah, aman"
Nur Azizah,4,2026-04-26 05:59:18,bagus
Ahmad Rifai,4,2026-04-26 05:37:08,kacau jmo g bisa klik longin Padahal gmail dan pasport sudah bener..udah di uninstal ttp g bisa di klik longin kacau jmo.. aplikasi udah update terbaru.sangat parah
Casmin,5,2026-04-26 04:38:06,jos banget
Wito 2025,5,2026-04-26 04:12:55,"bagus,bisa cek saldo kapan saja.👍"
Hadi Rusnandi,3,2026-04-26 04:11:34,jmo kenapa ya gk bisa skli klik login stlah masukan kata sandi .. malah gk bisa masuk2
Atok Mbois,5,2026-04-26 03:24:29,sangat mudah dan sangat membantu
Puput Putriyana,5,2026-04-26 02:33:49,yoi
Septyyii,1,2026-04-26 02:28:27,ga bisa login padhl udh masukin sandi dan email
Dani Rahman,5,2026-04-26 02:02:51,aplikasi jmo tidak bisa di buka & sudah di update masih belum bisa dibuka
Jaya Andy,5,2026-04-26 02:00:11,proses mudah fitur mudah dipahami dan saya akan tetap terus berlangganan
Ismail MAEIL,5,2026-04-26 01:43:13,bermanfaat
Muhammad Sidiq,5,2026-04-26 01:24:18,bagi yg faham dg aplikasi akan mudah dimengerti...
nanang sutaryono,5,2026-04-26 01:20:30,"tiap dibuka ga bisa ,tertulis aplikasi ditutup dan info aplikasi terus . udah download baru , terus ada tulisan begitu . tlg gmn cara bisa aplikasi kebuka🙏"
Yopi Leka,5,2026-04-25 22:35:54,aplikasi jmo tidak bisa di buka
Nadya Saputri,1,2026-04-25 19:20:44,ribet ga bisa login lagi
Juandi Juandi,1,2026-04-25 19:15:01,kenapa saya tidak bisa masuk ke aplikasi
Abdul Hafid,1,2026-04-25 18:43:57,"aplikasi terus berhenti di device xiaomi redmi note 5 pro, udh uninstal dan install ulang tapi tetap masi sama, tolong solusinya dongggg!!!!!!!!!!!!"
Sabiq Aliyah,4,2026-04-25 18:13:54,kenapa ya jmo saya gak bisa di buka ? udah uninstall dan install ulang bolak balik tp blm bisa kebuka juga tolong dong gimana caranya ?
sukron muhammad,5,2026-04-25 16:48:25,membantu
Tirex Beureum,1,2026-04-25 15:25:12,kenapa gak bisa login ? internet stabil tapi tetap stack di layar login
Adelinawerisa Damanikk,3,2026-04-25 14:18:17,aplikasih nya engak tau kenapa engak bisa di buka padahal dah di instal berulang kali tetap saja engak bisa di pake ??
Shon Haji,5,2026-04-25 12:58:05,kenapa hp saya tidak bisa membuka aplikasi jmo
Hendry Pratama,5,2026-04-25 12:41:04,Tambah jelek apknya setelah di update keluar sendiri
Arinikusmiati Kusmiati,5,2026-04-25 12:34:05,Kenapa pas isi alamat lengkap ga bisa diklik ya...sungguh aneh..mohon pencerahannya..biar bisa masuk jmo
Sapriadi Nst,3,2026-04-25 11:54:31,Bagus
Amin Honda,3,2026-04-25 09:33:47,"pas di klik muncul JMO terus berhenti, walau sdh di hapus dan di dowlod ulang tetap sama"
Sianturi Jrt,5,2026-04-25 09:06:09,bagus
Situr Z,1,2026-04-25 08:56:18,"tulung dibaca ya tulunggg....inj parah kenapa aplikasi JMO tidak bisa dibuka di perangkat android saya, dibuka selalu force close trus kenapa bisa seperti ini, bagaimana saya mw ngecek saldo JHT saya kl gini terus?? tolong ditanggapi keluhan saya agar diperbaiki ini aplikasi sehingaa saya bisa membuka lagi seperti dlu, aplikasi JMO sudah diperbarui tetap saja tidak bisa dibuka 🤦🏼‍♂️"
Eko Sinta,5,2026-04-25 08:14:34,mudah dalam penggunaannya
Umi Sarofah,5,2026-04-25 07:46:31,memudahkan peserta BPJS ketenagakerjaan untuk cek data dan dana
Hosen Spaiderling,5,2026-04-25 07:10:26,cepat mudah efisien lanjutkan
Purwo Widodo,1,2026-04-25 07:09:16,email dan sandi sudah benar tapi tidak bisa login
Rusdiani Dania,5,2026-04-25 06:55:25,sangat membantu
Muh. Abu Amir,1,2026-04-25 06:09:36,"Tolong developer nya disupport dong untuk hp Huawei. Sya kasih bintang 1 dlu, klo sudah bisa akan sya full kan bintang nya. Update : masih tidak ada perubahan, aplikasi selalu berhenti dan keluar, device Huawei pura 80"
Andreas Narahawarin,5,2026-04-25 04:58:20,Membantu
Sandi Yudha,5,2026-04-25 04:24:51,wokeh
Septiawan Zaid,1,2026-04-25 04:17:00,"Saya tidak bisa tau No VA pembayaran saya, saya tidak sengaja menutup, saya baru mulai daftar."
Zaena Tenderly,2,2026-04-25 04:14:52,mantap
Alwi Gunawan,1,2026-04-25 04:01:17,"aplikasi aneh, saldo ada tapi giliran mau klaim tertulis ""saldo tidak tersedia"""
Mita Mila,1,2026-04-25 02:54:40,aplikasi nya eror gk bisa dibuka mental teruss
Sanjaya Agung,1,2026-04-25 02:43:19,Jmo terus berhenti aplikasi tidak jelas
Halling Bone,3,2026-04-25 02:37:47,mudah di pake
SARMILAH,5,2026-04-25 02:29:26,"saya mau cantumkan akun, tapi saat mau memasukkan nomor hp, aplikasi selalu keluar sendiri dan di ulang beberapa kali tetap sama. tolong bantuannya"
Deb Sky,5,2026-04-25 02:15:46,mudah digunakan dan sangat membantu
Mardiyono Yono,5,2026-04-25 01:49:42,mudah pecairan dana
Bagus Cahyadi,5,2026-04-25 01:49:17,terbaik
Bunda Aryashaka,2,2026-04-25 00:59:06,"muncul keterangan ""JMO terus berhenti "" di xiaomi redmi 5 plus android 8 mohon diperbaiki..."
yats peci,1,2026-04-24 19:26:11,tolong bantu sialan udah update malah ga bisa dibuka aplikasi berhenti terus ... jng jawab maaf aja yaa atau datang ke kantor harus perbaiki .. tau gini ga akan update
Nazriel Bym,1,2026-04-24 16:22:48,susah masuk. susah di download berkali kali tapi tetep tidak bisa masuk. udah ganti pasword juga berkali kali. padahal tahun tahun sebelumnya nggak ada masalah.
Joem Jumhana,5,2026-04-24 15:02:42,sy ko ga biasa cek saldo jht...
Hary Yanto,3,2026-04-24 14:39:27,apk tidak bisa dibuka
Rani Wijayanti,1,2026-04-24 14:15:55,"padahal alamat email sudah benar,Uda coba berkali - kali.tetap g bisa login..apa karna hpnya atau aplikasinya,,"
Anwarntch34_,2,2026-04-24 13:53:31,"setiap login harus ganti kata sandi,sedangkan sandi nya benar itu kenapa nyak"
Fzthfx,4,2026-04-24 13:42:25,👌🏼
